Filename,Prediction,Confidence (%),Inference Time (ms)
collapsed_building_image0005_2_png.rf.2db7598a8d8136c933e76617283e0bda.jpg,traffic_incident,64.0,16.25
collapsed_building_image0005_4_png.rf.212a3200d7a096daa261d78eea38b3b1.jpg,traffic_incident,70.68,15.5
collapsed_building_image0018_4_png.rf.f43ff441282a7662f4ab8c3c871b3dcf.jpg,collapsed_building,91.38,14.89
collapsed_building_image0019_0_png.rf.8ebc0011e4d9734aa4aa7fd8512a85f4.jpg,collapsed_building,93.65,14.25
collapsed_building_image0022_4_png.rf.41c0d3d3be46d3e9c1eaa70414e4cbb1.jpg,collapsed_building,98.4,14.53
collapsed_building_image0024_4_png.rf.f66b4f0889e053b51858693d35435f5c.jpg,collapsed_building,46.61,13.99
collapsed_building_image0025_0_png.rf.13bafd948e191db25f90e79835ea88d4.jpg,collapsed_building,97.01,13.88
collapsed_building_image0030_4_png.rf.5575db7f0cab51f9d1cbb8f0a6045f29.jpg,collapsed_building,97.01,14.75
collapsed_building_image0031_1_png.rf.0a6a58521b1979e8c37cfa268cc02c45.jpg,collapsed_building,94.91,13.92
collapsed_building_image0031_3_png.rf.cd400b062a09733657ad9b7fd83d125e.jpg,collapsed_building,84.46,14.31
collapsed_building_image0032_1_png.rf.2feb9c62f4cd54f9fa17fa0ba0e7d568.jpg,collapsed_building,66.79,14.01
collapsed_building_image0032_3_png.rf.e7cfa96d295d100011c19a0378fa757e.jpg,collapsed_building,76.98,13.78
collapsed_building_image0035_0_png.rf.999920c3072f7b393f052505f52c6ab0.jpg,collapsed_building,90.5,13.84
collapsed_building_image0037_4_png.rf.109f4ef778350bf77d4a41f980abbd47.jpg,collapsed_building,58.34,14.45
collapsed_building_image0039_1_png.rf.c3013cc0468f098026dd4a5678b2db1d.jpg,collapsed_building,71.18,15.88
collapsed_building_image0039_4_png.rf.980bfb3b0894a152d2ae192acaedb5aa.jpg,collapsed_building,67.17,13.72
collapsed_building_image0041_2_png.rf.f0a2f7c3be515e06fa342678f0c03fd4.jpg,collapsed_building,64.04,14.43
collapsed_building_image0042_2_png.rf.1b032b2e0a5c7de98932948fbb8247cd.jpg,traffic_incident,60.76,14.34
collapsed_building_image0044_2_png.rf.b70508a68b6d5ca201944f54438d01cd.jpg,traffic_incident,75.46,13.94
collapsed_building_image0045_2_png.rf.5f86a54828993b173dd3bad077d9cb66.jpg,collapsed_building,67.19,13.85
collapsed_building_image0048_0_png.rf.4ade8371b51c051b1c5522712e8ccf3c.jpg,collapsed_building,90.04,14.58
collapsed_building_image0048_3_png.rf.adebdb4c8b753df6febf0e50cf0e753e.jpg,collapsed_building,63.45,13.98
collapsed_building_image0049_2_png.rf.b7004e2fd7b32d88ade4f3c7b4ec8be4.jpg,collapsed_building,84.06,13.83
collapsed_building_image0049_3_png.rf.c06044cb3f6fb32d6a3c116baa73d37a.jpg,collapsed_building,53.01,14.28
collapsed_building_image0050_2_png.rf.f7d7af5440dffd6305289a7b72f65df9.jpg,collapsed_building,95.14,13.86
collapsed_building_image0055_0_png.rf.3d55c9182c564293127fb79052d573d8.jpg,collapsed_building,95.96,14.15
collapsed_building_image0064_2_png.rf.869f3faf78246feb5e6ed2ee4f123e5b.jpg,collapsed_building,88.34,15.43
collapsed_building_image0067_4_png.rf.760ccf5a999de9ff13752552ac3b6ea4.jpg,collapsed_building,90.85,15.21
collapsed_building_image0070_4_png.rf.de31bdc36082d9b64f9261aa8ce10059.jpg,collapsed_building,80.63,13.37
collapsed_building_image0073_4_png.rf.2cd7797441671a74d11eb322c9b7b97e.jpg,collapsed_building,96.06,14.21
collapsed_building_image0075_1_png.rf.aba37c3b8291feb8c49be799058361a6.jpg,collapsed_building,95.21,13.96
collapsed_building_image0075_3_png.rf.7b3f84bf2c261fbffcab481149e8e902.jpg,collapsed_building,96.48,13.47
collapsed_building_image0079_2_png.rf.5fd708c4851689706b2f7b0ff76e706e.jpg,fire,100.0,13.68
collapsed_building_image0080_2_png.rf.88e447140cc8067524163bb6df3f94d5.jpg,flood,62.1,13.75
collapsed_building_image0080_4_png.rf.6d90d7a86aade25ec080958cb006e16e.jpg,collapsed_building,99.41,13.78
collapsed_building_image0082_2_png.rf.773cb4daedc8c9b0edd3f4c2da71a693.jpg,traffic_incident,57.38,14.37
collapsed_building_image0085_2_png.rf.8afdd3bac7090eaefe5a6686180c14f0.jpg,collapsed_building,91.03,13.95
collapsed_building_image0087_4_png.rf.d2a13302bcf7f2dd28c5f97e84d85bfe.jpg,collapsed_building,91.62,13.81
collapsed_building_image0088_0_png.rf.73dfa2d91d91325f0a5b4336b6abe101.jpg,collapsed_building,96.77,13.9
collapsed_building_image0089_0_png.rf.ca2e9d143c729e037e8310865839d688.jpg,collapsed_building,99.22,13.84
collapsed_building_image0094_4_png.rf.db928d286ca2197d22348473008f29c9.jpg,collapsed_building,92.77,13.9
collapsed_building_image0097_0_png.rf.8628c19978ef98558a1e5a8c7528fb72.jpg,collapsed_building,93.99,13.76
collapsed_building_image0099_0_png.rf.59d649e1664da2e31a3aa263b9fc0634.jpg,collapsed_building,92.32,15.03
collapsed_building_image0100_4_png.rf.2ca47edf53312bbfe9de5c49d93f0831.jpg,collapsed_building,98.07,14.66
collapsed_building_image0104_4_png.rf.568a2ea6a66744dad07a9fa3711a3818.jpg,collapsed_building,71.39,14.2
collapsed_building_image0105_2_png.rf.41958e0a718bd782c8643f4566c83998.jpg,collapsed_building,99.95,14.83
collapsed_building_image0107_0_png.rf.b6f8b811cd58036012c101aed14605d7.jpg,collapsed_building,81.81,13.59
collapsed_building_image0107_4_png.rf.6c7c7c83c28b4fef69cae02ba6553013.jpg,collapsed_building,66.08,13.52
collapsed_building_image0108_0_png.rf.a03885b6314ebba1ddfcef111983d202.jpg,collapsed_building,79.32,13.45
collapsed_building_image0109_1_png.rf.38c05a898d92e583bf12c77b7deb1ff3.jpg,collapsed_building,66.91,13.5
collapsed_building_image0115_2_png.rf.8461366b8b52227833bea0c642719654.jpg,collapsed_building,95.53,13.97
collapsed_building_image0116_0_png.rf.0b9c858c4bb6d89d3cea05e56c6f22ca.jpg,collapsed_building,100.0,13.63
collapsed_building_image0119_1_png.rf.1dc1154623f96e37364ad514127d5412.jpg,collapsed_building,98.34,13.96
collapsed_building_image0119_2_png.rf.8fb9931882308039fd8d784f65007f2b.jpg,fire,99.98,13.59
collapsed_building_image0121_3_png.rf.c6328a5be38ca36503c0cbcd80a6c9af.jpg,collapsed_building,79.88,14.15
collapsed_building_image0123_1_png.rf.3be46b7457f57183d58daddfdca0a451.jpg,collapsed_building,78.75,14.83
collapsed_building_image0124_0_png.rf.22a5482ba75e98a7b1a04075aa938dd0.jpg,fire,87.37,13.58
collapsed_building_image0124_3_png.rf.865cffaeccfa96378bf535501e679901.jpg,fire,97.93,14.28
collapsed_building_image0125_2_png.rf.884e33688c90fd87165877f840022bc0.jpg,collapsed_building,98.24,14.69
collapsed_building_image0127_0_png.rf.e9cdf04c3b8b05719d67d8a5ab351d2a.jpg,collapsed_building,99.13,13.83
collapsed_building_image0137_1_png.rf.b9104d3259759077448fbd2f2f3c2a4b.jpg,collapsed_building,89.62,14.02
collapsed_building_image0139_1_png.rf.765b4406dc055f530580c785bdcce7bf.jpg,collapsed_building,91.21,13.9
collapsed_building_image0144_2_png.rf.e2801304e424c1dda5ab5e984a832c7e.jpg,collapsed_building,94.63,13.89
collapsed_building_image0144_3_png.rf.4f063b4b1f3fe64dc76e7599b31a48f7.jpg,collapsed_building,92.2,14.85
collapsed_building_image0145_1_png.rf.5f6295128c1e933b21393ce501c00a2b.jpg,collapsed_building,98.29,14.37
collapsed_building_image0146_2_png.rf.b98988368b1bf41df837d1367d3b81bf.jpg,collapsed_building,96.8,13.82
collapsed_building_image0149_1_png.rf.59d1f34d3353caf61482b770b49206d1.jpg,collapsed_building,90.85,13.76
collapsed_building_image0150_1_png.rf.481fa3e304dc7fd78238a08fe4d12509.jpg,collapsed_building,81.91,13.81
collapsed_building_image0150_4_png.rf.b000cd4d7f3af788311016b3459e185d.jpg,collapsed_building,89.31,21.24
collapsed_building_image0153_4_png.rf.4198ed68521c039b8526d001003fddf9.jpg,collapsed_building,96.46,23.36
collapsed_building_image0154_4_png.rf.b9a2e7b8780c838286989f65a27124e4.jpg,collapsed_building,93.91,16.03
collapsed_building_image0155_1_png.rf.ef8c00691a2a5ce0bf9c75e996fcf623.jpg,collapsed_building,98.7,14.64
collapsed_building_image0158_1_png.rf.1920db3163dd3940e7ea4ca0d20a842c.jpg,collapsed_building,73.59,14.21
collapsed_building_image0171_1_png.rf.ed8f787b454c1512436c5048b1ffd2da.jpg,collapsed_building,91.23,13.92
collapsed_building_image0174_4_png.rf.d794d701e70fad8fed884e4ed5211ff5.jpg,collapsed_building,83.55,13.5
collapsed_building_image0176_4_png.rf.bfa1206a476697d41ba52038e2e57fa2.jpg,flood,64.56,13.84
collapsed_building_image0178_4_png.rf.34613587ad22f44dde23014420867636.jpg,collapsed_building,92.64,14.13
collapsed_building_image0180_4_png.rf.1b07b152e37f741bb190ed076c939c04.jpg,collapsed_building,77.94,13.86
collapsed_building_image0182_0_png.rf.c1a2cdd9cb5509956906043b517969a7.jpg,collapsed_building,89.78,13.76
collapsed_building_image0183_2_png.rf.4227387f137ca4a6a5e2689d7e3315b3.jpg,collapsed_building,77.33,14.35
collapsed_building_image0187_0_png.rf.4bef9491308a364cb9b92156c27c0083.jpg,collapsed_building,73.64,14.99
collapsed_building_image0188_4_png.rf.2ba0d1ac4b1d1f8269aa2c19479c69e4.jpg,collapsed_building,77.12,13.86
collapsed_building_image0190_1_png.rf.b14db9fa41128dc4ab1db879dc7b0f1d.jpg,collapsed_building,98.46,14.0
collapsed_building_image0191_0_png.rf.2e633349128b5f7f7403d756d7874e99.jpg,collapsed_building,97.76,13.54
collapsed_building_image0194_3_png.rf.b524dbfeb980458112da5c4535208f84.jpg,collapsed_building,65.0,23.7
collapsed_building_image0196_3_png.rf.aa3b9ee85baea319e46097081f6f9b97.jpg,collapsed_building,95.97,17.11
collapsed_building_image0198_0_png.rf.e8dd2b3dae0beb8f78d993cbe82a09cd.jpg,collapsed_building,66.24,13.6
collapsed_building_image0198_1_png.rf.32b32f0a6813d5d12a0a1cd468849bfe.jpg,collapsed_building,64.47,13.57
collapsed_building_image0198_3_png.rf.62527086409889277b0ceac2938332d7.jpg,collapsed_building,57.4,14.35
collapsed_building_image0199_1_png.rf.2917a936f3b9b2b41b0d14ce4cfda657.jpg,collapsed_building,72.6,14.28
collapsed_building_image0203_1_png.rf.7fe303dc5398ab247247b97e6b40fcf9.jpg,collapsed_building,93.99,14.42
collapsed_building_image0206_2_png.rf.d41bcb6c9aa5c44e0c959525e7ef2e37.jpg,collapsed_building,95.62,14.13
collapsed_building_image0207_0_png.rf.e9c32e77870026324ca3146d30e52223.jpg,collapsed_building,96.68,14.01
collapsed_building_image0207_4_png.rf.22a213a0ab13b258f9fc4b19f83bd53e.jpg,collapsed_building,96.99,14.06
collapsed_building_image0208_1_png.rf.d7dfcad8c604f4a7d1c03d4a59719010.jpg,collapsed_building,91.69,13.68
collapsed_building_image0212_2_png.rf.45e3c1c351b6045aa352edc4aa6a7cd8.jpg,collapsed_building,94.29,14.21
collapsed_building_image0216_0_png.rf.7ff3fdc71cd6e89aaecd69bf7ad744e1.jpg,collapsed_building,94.0,13.66
collapsed_building_image0218_4_png.rf.6fa4b8c09c843e215d463c72de921535.jpg,collapsed_building,76.86,14.11
collapsed_building_image0220_2_png.rf.fe18a9c789b3cb52ee5dd9336fa2858e.jpg,traffic_incident,46.66,13.9
collapsed_building_image0221_3_png.rf.b3da6f597be0320664496ba9d6ecb92c.jpg,collapsed_building,87.06,14.0
collapsed_building_image0226_1_png.rf.b7badd018a11aba398671eaad0eb5ccd.jpg,collapsed_building,93.04,15.73
collapsed_building_image0227_3_png.rf.171aaa16b534a228434303f5284a70ef.jpg,collapsed_building,98.03,14.22
collapsed_building_image0229_2_png.rf.db1cb7cd420a60bb7f3e861a72b2d350.jpg,collapsed_building,69.49,14.6
collapsed_building_image0232_1_png.rf.9d5cc4f26caa5d7fef03cc53909b25aa.jpg,collapsed_building,100.0,14.57
collapsed_building_image0235_3_png.rf.696c9c21d1f7d62cd49dc12e4bd57465.jpg,collapsed_building,89.16,13.84
collapsed_building_image0236_1_png.rf.7383553516e5242c1e5de60788c934bf.jpg,collapsed_building,90.26,13.78
collapsed_building_image0237_1_png.rf.da959d1b5bbc8b2603511306328c48a2.jpg,collapsed_building,95.71,19.29
collapsed_building_image0237_3_png.rf.d68df59108026a97019c47e7ca4cb08b.jpg,collapsed_building,96.37,22.03
collapsed_building_image0238_2_png.rf.c9f8a604a21595c0ff780ab62daa922a.jpg,collapsed_building,91.89,15.4
collapsed_building_image0238_4_png.rf.c6429ff620cf408ac7528c57bc042840.jpg,collapsed_building,92.85,17.38
collapsed_building_image0239_1_png.rf.fe924de60b87a3a43cde1c8db4527086.jpg,collapsed_building,96.43,16.31
collapsed_building_image0241_0_png.rf.81098cff19d48ebba40a4ce633bbdd3b.jpg,collapsed_building,94.09,16.11
collapsed_building_image0241_1_png.rf.be18c09508ed11ddbc0dc138bfc1f05d.jpg,collapsed_building,91.2,13.66
collapsed_building_image0243_4_png.rf.bdcd3c89917048ddb9bc6a78f5adcf96.jpg,collapsed_building,94.21,13.62
collapsed_building_image0244_2_png.rf.09e49ad73880bb6f7bc6588a9f14a45d.jpg,collapsed_building,83.26,14.55
collapsed_building_image0246_3_png.rf.cd617eaa544dcf3e3187b28e649b066c.jpg,collapsed_building,86.68,14.36
collapsed_building_image0247_4_png.rf.628009f8626e163c179c7dcb6328dfbf.jpg,collapsed_building,77.97,13.53
collapsed_building_image0249_0_png.rf.2e87c3c09b3a32a01a77541368aa1ce7.jpg,collapsed_building,81.25,14.33
collapsed_building_image0249_2_png.rf.d080c7cfe1f72f53877fe7133dbb9ded.jpg,collapsed_building,75.8,15.63
collapsed_building_image0249_4_png.rf.eddac5e8d5be19d002f82a5099fa7702.jpg,collapsed_building,72.7,13.47
collapsed_building_image0258_1_png.rf.2a2182f9352cb7690c3a1081a684462f.jpg,collapsed_building,95.14,14.07
collapsed_building_image0258_2_png.rf.2742087048c7a6ac7fa6b28acbfd57fa.jpg,collapsed_building,93.41,13.39
collapsed_building_image0258_3_png.rf.bfda19f9c997a5e83371c4924d756f92.jpg,collapsed_building,93.5,13.63
collapsed_building_image0261_0_png.rf.6b34d5759ea75d0591b558cf7f0a1a9a.jpg,collapsed_building,95.36,13.97
collapsed_building_image0261_4_png.rf.421aaa48d9f8754b50a2c721dbeebeea.jpg,collapsed_building,95.2,13.35
collapsed_building_image0262_1_png.rf.8784ce779a99647aba83266a28783e18.jpg,collapsed_building,84.25,13.86
collapsed_building_image0262_4_png.rf.42cf880a2089459589aa4dc408c001d8.jpg,collapsed_building,80.15,14.58
collapsed_building_image0264_3_png.rf.7387df807d7299014f185efc8d7555c0.jpg,collapsed_building,90.57,14.23
collapsed_building_image0269_2_png.rf.2e9d2f9063d0f3af1b862987fd85c637.jpg,collapsed_building,77.53,13.83
collapsed_building_image0271_3_png.rf.2973b125676988c1ba6819ca974752a8.jpg,collapsed_building,77.8,13.65
collapsed_building_image0274_4_png.rf.65e07d68b2e8af875c964ee373a723f1.jpg,collapsed_building,95.45,14.07
collapsed_building_image0275_2_png.rf.99e5e23707325bf514ad760c434fd8a1.jpg,collapsed_building,62.53,15.03
collapsed_building_image0277_3_png.rf.d66630c4094dd20bf4eafaaacb5eafe9.jpg,collapsed_building,95.06,20.25
collapsed_building_image0278_1_png.rf.a04e462524e588b5ecad10e214e98f55.jpg,collapsed_building,92.72,13.33
collapsed_building_image0278_3_png.rf.0cef8587862c9a95a2cee27fb629f293.jpg,collapsed_building,92.39,13.6
collapsed_building_image0280_3_png.rf.d710ee620d843414ee4aef85e510c869.jpg,collapsed_building,98.47,13.51
collapsed_building_image0281_3_png.rf.f467d85533d8d537423a771b92b11244.jpg,collapsed_building,79.85,13.98
collapsed_building_image0286_3_png.rf.fb508a27c8d65c09201188eb4e512c14.jpg,collapsed_building,92.58,13.3
collapsed_building_image0287_0_png.rf.7032098d25a1c9b361db2416a7c6851e.jpg,collapsed_building,93.15,13.66
collapsed_building_image0288_3_png.rf.3bd02ce68619f6764dd0fbd492229e35.jpg,collapsed_building,74.78,13.55
collapsed_building_image0296_0_png.rf.521f237b669e78badee7ad05bc5af383.jpg,collapsed_building,95.74,13.22
collapsed_building_image0297_2_png.rf.e5435b710d346939d913595efea3ab40.jpg,collapsed_building,88.69,13.33
collapsed_building_image0298_0_png.rf.3c2e18b04fb7a7cafdda4d10693dd030.jpg,collapsed_building,96.31,13.2
collapsed_building_image0298_3_png.rf.36a14e06426388f0f095045c228f6ff0.jpg,collapsed_building,98.16,14.29
collapsed_building_image0300_3_png.rf.aff9fd979e342ec4987d6812aa4c5431.jpg,collapsed_building,84.76,13.21
collapsed_building_image0303_1_png.rf.6033c50d3db2b3f0053243d9b9b01aac.jpg,collapsed_building,95.64,13.55
collapsed_building_image0310_4_png.rf.dc0462f8d740163efc3a7e16a814f4fd.jpg,collapsed_building,95.76,13.4
collapsed_building_image0312_1_png.rf.72c10e50d93a5aaed67dacf0842afebc.jpg,collapsed_building,98.3,13.95
collapsed_building_image0314_3_png.rf.fd26b10f36f1774d755016ae2f01791a.jpg,collapsed_building,96.97,13.21
collapsed_building_image0321_4_png.rf.c4b06aeceafec37c56a669c9a288c7ee.jpg,collapsed_building,74.2,13.63
collapsed_building_image0322_1_png.rf.57b2a4d3c230ab8dd5d570b6307b2391.jpg,collapsed_building,93.77,13.71
collapsed_building_image0322_4_png.rf.9cdc64e683c842467f49bd37d13fecef.jpg,collapsed_building,93.83,13.22
collapsed_building_image0327_1_png.rf.7ecf1ca6159fd125b322c2c671bcfebc.jpg,collapsed_building,89.27,13.33
collapsed_building_image0327_4_png.rf.04d64b15dd3167e84f04ebc96308aa86.jpg,collapsed_building,94.62,13.74
collapsed_building_image0329_4_png.rf.1eda1439b929b6d23b9fa4c616d141ea.jpg,collapsed_building,89.63,13.4
collapsed_building_image0334_2_png.rf.afcf886cf672b4d358e7f8f060d68d65.jpg,collapsed_building,94.94,15.19
collapsed_building_image0335_2_png.rf.f9be43e1fb5233011ceae72606438e31.jpg,collapsed_building,53.08,13.58
collapsed_building_image0336_3_png.rf.d1f166389365b8be1ad09fabe4731fc0.jpg,traffic_incident,62.58,13.31
collapsed_building_image0338_0_png.rf.0b6843514861947c00e9dda926bad9ff.jpg,collapsed_building,82.26,13.99
collapsed_building_image0338_2_png.rf.78da6959e2842781e7344efdb7d441f2.jpg,collapsed_building,83.04,13.35
collapsed_building_image0339_1_png.rf.a617d1518f7ae21b2a4de0d3186ef7fa.jpg,traffic_incident,97.88,13.45
collapsed_building_image0340_0_png.rf.3487d7d37eb7cf3f1bdc7cd9f480e6c1.jpg,collapsed_building,86.76,13.31
collapsed_building_image0341_4_png.rf.5f99b20d057fa09772d614180792f9d6.jpg,collapsed_building,92.59,13.4
collapsed_building_image0344_1_png.rf.d15f9f44858dd89544a7e670d2840d51.jpg,collapsed_building,94.02,13.64
collapsed_building_image0344_4_png.rf.7ccc415f29840b47d060f5d81a76dd7a.jpg,collapsed_building,97.47,13.35
collapsed_building_image0347_1_png.rf.90841cd2e354eab60c4ea3c854f22454.jpg,collapsed_building,95.98,14.2
collapsed_building_image0350_0_png.rf.e5cb849135daa1130a56e4b80578c9e9.jpg,collapsed_building,88.13,13.47
collapsed_building_image0354_1_png.rf.daaf4383e26b7fed8ae52223549d27a2.jpg,collapsed_building,74.31,14.5
collapsed_building_image0355_2_png.rf.52ca5fe56cd35bde3c16e95866957591.jpg,collapsed_building,92.84,13.5
collapsed_building_image0357_3_png.rf.16db0252453582c3cc96dad5e29801a3.jpg,collapsed_building,60.77,13.92
collapsed_building_image0361_1_png.rf.95e00ab7747931a409b1f2506ca3ba09.jpg,collapsed_building,93.7,13.39
collapsed_building_image0365_0_png.rf.48240f18372e8df901dd2a1672893cba.jpg,collapsed_building,65.04,13.47
collapsed_building_image0367_1_png.rf.2171e0ca4a2d6f30167923381346a20f.jpg,collapsed_building,94.83,13.76
collapsed_building_image0373_3_png.rf.b7ad43e1ded17b93180b6ff338602972.jpg,collapsed_building,96.66,13.64
collapsed_building_image0374_1_png.rf.c317cf438140c30ecebfe39c8bd2f1a6.jpg,collapsed_building,96.62,13.68
collapsed_building_image0375_2_png.rf.5e23236c22f2cd288fff40a461599f78.jpg,collapsed_building,92.06,13.36
collapsed_building_image0375_4_png.rf.3f657ba274cbe1f1efdf9262b004f008.jpg,collapsed_building,92.67,13.53
collapsed_building_image0378_1_png.rf.15fcf3824da0eefbe177c7a328db86bd.jpg,collapsed_building,92.16,13.62
collapsed_building_image0380_3_png.rf.63a48a6b9afdd1635d93a6e6e8395b6e.jpg,collapsed_building,60.32,13.29
collapsed_building_image0381_0_png.rf.7f5bbe31063ba71571617e7f730fe35f.jpg,collapsed_building,71.57,13.65
collapsed_building_image0382_1_png.rf.004295df9bbe957e57eece11d39de136.jpg,collapsed_building,94.28,13.2
collapsed_building_image0384_3_png.rf.f5670efdf6fea3843724ada5e4ef62c0.jpg,collapsed_building,65.96,13.25
collapsed_building_image0385_3_png.rf.955f7b1eed6f4dbe924c7ac9aa892d30.jpg,collapsed_building,74.2,13.7
collapsed_building_image0392_1_png.rf.c2171d0081b946c713d67153e705b567.jpg,collapsed_building,77.14,13.33
collapsed_building_image0394_4_png.rf.1bb5e5927ed2d06f5a8bd227b17655c8.jpg,collapsed_building,73.83,13.52
collapsed_building_image0396_3_png.rf.ac3ef0c62027cea157b4727bba8be451.jpg,collapsed_building,95.35,13.42
collapsed_building_image0402_1_png.rf.cf4d0a25863b280eaefdf7de3c20548f.jpg,collapsed_building,92.19,13.62
collapsed_building_image0403_4_png.rf.95b5cab991d3bdeca7c789fd897a6d58.jpg,collapsed_building,76.84,14.23
collapsed_building_image0404_0_png.rf.237f8756cdc03b170b3d91e7dd09774a.jpg,collapsed_building,95.2,13.68
collapsed_building_image0404_1_png.rf.1b61e957df247ba147995cbc423ebe32.jpg,collapsed_building,95.26,13.66
collapsed_building_image0405_0_png.rf.9f60ef5a350332ce2319277ee4ff8e09.jpg,collapsed_building,96.49,13.76
collapsed_building_image0409_0_png.rf.80308c94c74163f4de37308896c80d69.jpg,collapsed_building,92.1,13.22
collapsed_building_image0411_2_png.rf.0b8530822ac5977435487f10a54d56e8.jpg,collapsed_building,85.43,13.32
collapsed_building_image0411_3_png.rf.a5c5794e18b2516c8cf51c311738e077.jpg,collapsed_building,89.09,14.53
collapsed_building_image0414_0_png.rf.fd9d22a64b20d5dfb07541469fe09a2c.jpg,collapsed_building,98.43,13.25
collapsed_building_image0415_1_png.rf.1331cff5850889429691cb2f0888a0ec.jpg,collapsed_building,94.77,13.17
collapsed_building_image0417_2_png.rf.e791146ff963fc9859881877fa20ba64.jpg,collapsed_building,84.44,13.5
collapsed_building_image0417_4_png.rf.a56217bf8059095e3ff2006d7aee0718.jpg,collapsed_building,68.58,13.48
collapsed_building_image0418_0_png.rf.6705bcfe2194ea7826c93ff76fce0615.jpg,collapsed_building,88.67,13.65
collapsed_building_image0418_1_png.rf.336baa82be1959705fa6da2775ec9c9c.jpg,collapsed_building,95.32,13.38
collapsed_building_image0419_1_png.rf.213bafe595ffc518df586522f74ca0d3.jpg,collapsed_building,63.63,13.75
collapsed_building_image0420_1_png.rf.31216e57b18aa464f3fbdceb03264ad1.jpg,collapsed_building,76.01,14.53
collapsed_building_image0422_0_png.rf.4a6994943bfd1c8dc5de04f9545c6db0.jpg,collapsed_building,97.25,13.78
collapsed_building_image0423_2_png.rf.3af9a878fe8b8b4e56128e97b0023685.jpg,collapsed_building,81.29,15.02
collapsed_building_image0426_1_png.rf.0728d2210bfe01bada9c4e08bc70a9d8.jpg,collapsed_building,51.72,13.57
collapsed_building_image0430_1_png.rf.524d8f5d780efdd26c6fbe4ca0d85875.jpg,collapsed_building,97.09,13.7
collapsed_building_image0439_1_png.rf.5b306f9aa70a92381d5a05cd23b39bc1.jpg,collapsed_building,92.18,13.58
collapsed_building_image0442_4_png.rf.5d4bdad211ba3d0ef54e39de8048e1d8.jpg,collapsed_building,95.03,14.0
collapsed_building_image0443_4_png.rf.313d14beaf88e1b283f97cae2fcf8fda.jpg,collapsed_building,67.76,14.06
collapsed_building_image0450_1_png.rf.a08185ca282db0eb46c1246062cc1339.jpg,collapsed_building,93.91,13.73
collapsed_building_image0453_0_png.rf.f9fa5b14435cadef2f0d48febaf3288d.jpg,collapsed_building,93.73,14.12
collapsed_building_image0454_1_png.rf.6d2ffed12614884700ebe70a8b16729d.jpg,collapsed_building,91.11,14.44
collapsed_building_image0456_3_png.rf.44ebb19940b7a3aa37c696c1c8b7d63b.jpg,collapsed_building,86.14,14.32
collapsed_building_image0457_0_png.rf.9f7dca9f2aa609e597c26214eb83e63c.jpg,collapsed_building,72.9,14.07
collapsed_building_image0457_4_png.rf.cc4606d83ad1281f1f13cbfa8b4e192c.jpg,collapsed_building,61.95,14.14
collapsed_building_image0459_2_png.rf.048faa8198d051dc43382327c7397ee7.jpg,collapsed_building,87.55,14.17
collapsed_building_image0460_0_png.rf.beafcdbaf0b9be12b05b9b3929188214.jpg,collapsed_building,92.11,13.66
collapsed_building_image0463_0_png.rf.f3e777c61908fa618737ab7c25862d70.jpg,collapsed_building,98.24,13.46
collapsed_building_image0463_2_png.rf.e9c774dec6bd61e4890e1468b80d9bf7.jpg,collapsed_building,98.4,13.75
collapsed_building_image0464_4_png.rf.efd2ebdbce1a69acb19c46f5da903c62.jpg,collapsed_building,90.49,13.72
collapsed_building_image0465_2_png.rf.e05ca7c6c4dc73d6f02f881a4e08da85.jpg,collapsed_building,91.66,14.18
collapsed_building_image0473_2_png.rf.9006ad96c8d041467ac0c95fe10b8e48.jpg,collapsed_building,52.25,13.81
collapsed_building_image0474_3_png.rf.120b2538d64ba0bd4bdbf120cb859a8a.jpg,collapsed_building,88.43,14.11
collapsed_building_image0477_0_png.rf.67dc2d28e1148eec04c9f4373358d88a.jpg,collapsed_building,94.05,14.85
collapsed_building_image0477_1_png.rf.f1393ad325473c9b257605bbf3441980.jpg,collapsed_building,94.61,14.55
collapsed_building_image0480_4_png.rf.a8efd4a9b842640466a3840983c5355a.jpg,collapsed_building,93.08,14.62
collapsed_building_image0481_1_png.rf.b6d8f8e456243b64361a4c561b779695.jpg,collapsed_building,74.33,14.44
collapsed_building_image0482_1_png.rf.ebf42c276265acf299ff808f0dddc444.jpg,collapsed_building,91.48,14.08
collapsed_building_image0483_0_png.rf.e30ad3f0e65cbceafb1ad3c3561bc20b.jpg,collapsed_building,65.68,14.34
collapsed_building_image0483_3_png.rf.433a8c7e3e5eabffe9f97e3d082ddcac.jpg,collapsed_building,41.43,14.31
collapsed_building_image0484_1_png.rf.dceb059488dc16ffffcd0f0e2140298e.jpg,collapsed_building,74.36,14.84
collapsed_building_image0485_0_png.rf.ef8a5938ad6a2ad43087a55a645dd63d.jpg,collapsed_building,48.99,14.66
collapsed_building_image0490_3_png.rf.c0c0697863864096541500b359c40840.jpg,fire,62.57,13.81
collapsed_building_image0493_4_png.rf.1a78058297ca14f05bdebb778faeee81.jpg,collapsed_building,91.91,13.92
collapsed_building_image0494_3_png.rf.20425595087530bb006179df0316fe64.jpg,collapsed_building,72.15,14.96
collapsed_building_image0496_1_png.rf.6422b16b0ff3907a65fcea263a60ecc1.jpg,collapsed_building,92.13,13.93
collapsed_building_image0497_2_png.rf.8448fcd3181e465dc2e53e7b94958f0b.jpg,collapsed_building,70.71,16.13
collapsed_building_image0499_4_png.rf.f68d9f771ad8935303fcf8570c23cbad.jpg,collapsed_building,89.71,14.09
collapsed_building_image0500_3_png.rf.b8d59380b9c7d29a471c130b2e3b7988.jpg,collapsed_building,86.07,15.07
collapsed_building_image0501_1_png.rf.1bd9669939180bab0dcc963eb6b60e7f.jpg,collapsed_building,89.27,14.07
collapsed_building_image0502_3_png.rf.cefdfef46776f284cc157fec65e9b620.jpg,collapsed_building,67.67,13.65
collapsed_building_image0508_3_png.rf.aa776897e5051c9706e9aa58cdc2b9d2.jpg,traffic_incident,57.52,13.8
collapsed_building_image0509_3_png.rf.b03ffeb1135e0ca992a5d383609ecd04.jpg,collapsed_building,94.26,14.52
collapsed_building_image0511_3_png.rf.16af9160c27a82785f793d2051c31bbc.jpg,collapsed_building,62.9,14.8
fire_image0006_0_png.rf.93b2ee2e7eed2b01e322232682c6158e.jpg,fire,79.92,14.4
fire_image0006_3_png.rf.23454e857cc3c64e99165daff01129cb.jpg,fire,79.67,13.82
fire_image0007_1_png.rf.82dd0767a9d9289260e84c88d1acc88c.jpg,fire,88.32,14.19
fire_image0010_3_png.rf.11c98407fd69db51ef26933a0155b5a1.jpg,fire,90.93,14.38
fire_image0012_0_png.rf.42bb1f3217b69334f240c9ee510cd5c5.jpg,fire,87.4,13.84
fire_image0013_0_png.rf.d250c53e626218277c38a6a0aa6ddeab.jpg,fire,43.64,13.87
fire_image0013_1_png.rf.d07d363b2913b1b314647626f98b36c5.jpg,fire,75.01,14.04
fire_image0015_0_png.rf.b5a08d89faef461adf59c6672a46f62b.jpg,fire,95.78,14.36
fire_image0015_4_png.rf.7787b36a97b4e00cacfda59dc59d4fd1.jpg,fire,92.09,14.46
fire_image0016_0_png.rf.841c3a4417e915e3a17cb62acc1ff3a7.jpg,fire,94.17,13.69
fire_image0019_3_png.rf.e9f7e3aefbd9578fc8434ac98739d218.jpg,fire,93.83,14.18
fire_image0019_4_png.rf.46ba6e95692568dcd454980d3ea23e24.jpg,fire,88.53,13.87
fire_image0028_3_png.rf.93528bf14cbe6e0d14e56141b9a5a0f3.jpg,fire,88.54,13.75
fire_image0031_3_png.rf.78a61c4b3f2722998eb36267f72154df.jpg,fire,97.64,14.56
fire_image0035_4_png.rf.949bc0e6c7d5467f5c0f72bad8c2d4ec.jpg,fire,97.65,14.0
fire_image0037_1_png.rf.fd8df1665137fe8115fb34fa226fa01f.jpg,fire,88.59,13.35
fire_image0037_4_png.rf.2406bb8dcc12970b53b8ea4db5151050.jpg,fire,94.46,13.8
fire_image0049_0_png.rf.db59b684e07e54d50879045e964fa4bf.jpg,fire,96.08,13.91
fire_image0050_2_png.rf.8d64e00744c80a670ccf2a9121136e7e.jpg,fire,87.24,14.11
fire_image0057_2_png.rf.00f74eff6975147382d72dd8e449c238.jpg,fire,90.72,13.8
fire_image0061_1_png.rf.d5ae8e83d9b23d8ee5db91e7b2d29803.jpg,fire,95.49,14.06
fire_image0062_0_png.rf.0edb69dabf8c30f1ed5b04369f8f101b.jpg,fire,97.4,13.78
fire_image0063_1_png.rf.b3b7b03a20cc3a4bca4aa87f5f246be5.jpg,fire,88.8,14.14
fire_image0064_0_png.rf.95fc9f6f50efe2e85534215dc4715e6b.jpg,fire,89.14,14.43
fire_image0066_2_png.rf.3d1769be68be70fbb7894f1378cbad18.jpg,fire,61.82,14.22
fire_image0066_3_png.rf.9d719f42e44f794c162e88ff983faed9.jpg,fire,78.42,13.99
fire_image0069_2_png.rf.c85deef843be5562d1363a8e19a38b9a.jpg,fire,88.74,14.09
fire_image0071_0_png.rf.6a3a683fc7d5f6d862e738ef56c4f8c6.jpg,fire,93.88,14.48
fire_image0072_0_png.rf.7a1ea38f42551127d94463125fe8efa9.jpg,fire,95.05,14.3
fire_image0074_2_png.rf.0380a8aacf1ae3d8aae6917fb1dc7290.jpg,fire,92.07,13.87
fire_image0076_0_png.rf.3e45f153cc21a493f9a4b12bdc9f59dc.jpg,fire,95.91,13.75
fire_image0077_2_png.rf.c0a200edfa19f9718b4a1a7291020e08.jpg,fire,77.73,13.78
fire_image0085_3_png.rf.19946df33235ee6ffb9672827c723c7c.jpg,fire,87.73,14.27
fire_image0087_1_png.rf.2342f921ad3e4c9fa3c3018d33b99790.jpg,fire,95.23,14.17
fire_image0087_2_png.rf.1f2437dc814c497d159c5adb9d6a835f.jpg,fire,95.58,13.65
fire_image0093_2_png.rf.ec70e9247abfafddca6a3aed55b37020.jpg,fire,91.84,13.93
fire_image0094_2_png.rf.df144a21cf53b4d9ba526f7290d71aa9.jpg,fire,79.38,13.51
fire_image0095_1_png.rf.d982b50470e8ac08aa4d0ccc093c0eab.jpg,fire,55.5,14.17
fire_image0097_2_png.rf.ca600dbce8d9a366197a069a05729254.jpg,fire,96.31,14.06
fire_image0097_3_png.rf.5292455cac3b09da6374f8cfd7794b4d.jpg,fire,94.85,13.91
fire_image0103_1_png.rf.0b19ea4e6c442ff3ef9ca81cfc732364.jpg,fire,92.41,15.93
fire_image0103_3_png.rf.0e25e5c6c3791adb1273eff62faf9c9d.jpg,fire,91.47,14.88
fire_image0105_3_png.rf.689b6ac388b5e40cf6ea9c0a85b6ab46.jpg,fire,93.74,15.11
fire_image0106_2_png.rf.3af96c30511b32c8d81645423efb29ab.jpg,fire,90.6,14.08
fire_image0109_2_png.rf.514183a32f345b523aada8b249726925.jpg,fire,81.62,14.55
fire_image0112_2_png.rf.73beef5098c5bbfb0d0d704b5f26aefa.jpg,fire,95.97,14.09
fire_image0113_2_png.rf.2cc2c8f0833ddf8b88de2f44cd67929e.jpg,fire,65.74,13.72
fire_image0113_3_png.rf.fe8cb57e965f6db6ebbe0f89201b8a11.jpg,collapsed_building,47.3,14.0
fire_image0115_1_png.rf.2924b1ded20807b6247462ab90dc6ae5.jpg,fire,91.29,14.56
fire_image0121_2_png.rf.eec91de818e79895e433228dd8521abf.jpg,fire,89.8,14.6
fire_image0126_0_png.rf.9df0a82174c7dc2b79caa036c16bd9c4.jpg,fire,94.99,14.15
fire_image0128_0_png.rf.e94c00a6966f8fb9d3ae97341089562b.jpg,fire,93.03,14.06
fire_image0128_3_png.rf.e652dd4ea4bf7b108845690282d81a35.jpg,fire,90.33,15.01
fire_image0129_2_png.rf.ea46a683f2972f56ab73251f66929522.jpg,fire,95.06,14.3
fire_image0132_0_png.rf.58bf027861553cdf12632c0aa2289e1c.jpg,fire,95.86,13.93
fire_image0133_1_png.rf.b5e1b3f7105e525b20eda3529355f147.jpg,fire,88.08,14.37
fire_image0138_0_png.rf.2f0d022d6251b02f8ee043b05b2621ac.jpg,fire,90.0,14.89
fire_image0139_2_png.rf.0362800fea12a824e9db67a72068ef85.jpg,fire,89.84,14.43
fire_image0140_3_png.rf.8ba83069dae33d453c712d00dfb3699a.jpg,fire,92.48,14.46
fire_image0142_2_png.rf.ecd0066ac22bf41ebc4d8db817cb7a85.jpg,fire,83.89,14.08
fire_image0143_1_png.rf.35e5a540a06cb4238f17e8c2ab784a3d.jpg,fire,93.92,14.24
fire_image0147_0_png.rf.7428f505566f50bfdfcd95ee829f4f5e.jpg,fire,90.33,14.83
fire_image0147_3_png.rf.27d78a0a178377bbf87fe2f8eefa3576.jpg,fire,92.01,14.04
fire_image0148_0_png.rf.9ab0132d6d4d28b8b13ac03ecf42401e.jpg,fire,65.07,13.77
fire_image0149_2_png.rf.00794e132a8584be2a0830aeba7b3428.jpg,fire,92.94,13.93
fire_image0152_3_png.rf.937ba65d85317fc0ba9cdd4533e34f9d.jpg,fire,88.0,14.51
fire_image0153_0_png.rf.8310d191a741e73d20904a57f0fa3d6b.jpg,fire,87.66,14.09
fire_image0153_1_png.rf.188086126ff9a7ccc83ccf4f31659369.jpg,fire,85.84,13.92
fire_image0154_0_png.rf.5f0a95d00ca646727c7be4bb51b75c53.jpg,fire,96.3,15.46
fire_image0160_1_png.rf.8da7125a64829b57ce81fcd113d7aecd.jpg,fire,93.77,15.11
fire_image0160_3_png.rf.0d35462bae81366c873383622e9591d1.jpg,fire,93.12,15.31
fire_image0162_2_png.rf.f9d3ffa55c3ada93252a008b7005a4e2.jpg,fire,93.22,15.07
fire_image0164_4_png.rf.3fe1443e9643637e0b95fad49a4fb383.jpg,fire,95.16,13.99
fire_image0169_2_png.rf.71f85b0663cdd4bd4b60f81895ce7a7c.jpg,fire,95.85,14.27
fire_image0169_4_png.rf.cd153e7fa354ad6b69d958f944cb3a34.jpg,fire,96.29,13.97
fire_image0171_2_png.rf.8912ec53439657c33745a45ce56a86da.jpg,fire,88.13,14.93
fire_image0173_3_png.rf.6e690f7d2a39be7d09301919ce0b10be.jpg,fire,92.28,14.18
fire_image0178_1_png.rf.e17ec077807359cf82aff3806be32798.jpg,fire,79.2,13.52
fire_image0183_4_png.rf.c2bbade79f44820cc4da24ba7c08005d.jpg,fire,86.53,14.38
fire_image0186_0_png.rf.95722345e3d31b2b9cb0b207193a6e84.jpg,fire,93.32,16.75
fire_image0191_4_png.rf.e73eb76d3745e5766db12da50c8d96d0.jpg,fire,91.93,14.16
fire_image0193_1_png.rf.fc03e9892852f7511c14e7ab80a0730a.jpg,fire,90.25,14.4
fire_image0193_3_png.rf.c2a0756150c46e7772d98a22e7214c27.jpg,fire,90.29,14.28
fire_image0195_0_png.rf.cfb6b3c9aada8f60185cc2d467f46043.jpg,fire,88.61,13.68
fire_image0201_3_png.rf.33a8e58c75a24c1881a3341415c7f3f5.jpg,fire,88.87,14.78
fire_image0203_0_png.rf.7bb164c9e47b03c1d132d852705ec270.jpg,fire,92.31,13.75
fire_image0204_1_png.rf.54ba87f51c99b703999b5cb81c8825cf.jpg,fire,97.89,14.1
fire_image0206_4_png.rf.17693e3967f624deddefddc39a9b045a.jpg,fire,58.6,14.27
fire_image0207_0_png.rf.d9aa4eb9700b6d6fe9878bbe62598da6.jpg,fire,91.63,14.45
fire_image0210_2_png.rf.5fc70a6182d92fc4b29986a431390b21.jpg,fire,91.2,13.91
fire_image0210_3_png.rf.1d7f4c7792f70e0b4952ecc3ff814d9b.jpg,fire,88.52,13.92
fire_image0212_0_png.rf.6a3fbd16afbb6d04ab652502699d3577.jpg,fire,67.64,13.96
fire_image0220_0_png.rf.f7f7bbeee1f25a4aed85a5ab941132b9.jpg,fire,92.78,13.97
fire_image0220_2_png.rf.724eb693c1290c5bfcdf50bba3c8ae6b.jpg,fire,92.1,13.64
fire_image0220_3_png.rf.264116d9081b401955374a1baad18a8c.jpg,fire,89.02,13.61
fire_image0226_2_png.rf.f592fd247a4ec9d89b29821034f8fdfa.jpg,fire,89.19,14.18
fire_image0226_4_png.rf.2ff8d773cb8984e75f46179d4b11536d.jpg,fire,91.03,13.45
fire_image0228_4_png.rf.0c1ddcaf4acdce67d0ab596c2e1fbaa5.jpg,fire,90.11,13.89
fire_image0231_1_png.rf.5e968404543c5f4b59d92ac24cc6b0c0.jpg,fire,67.69,13.79
fire_image0232_2_png.rf.78cec5a286745fc56a5b305560a18cd0.jpg,fire,84.07,14.01
fire_image0232_3_png.rf.5b2a27450a3e6152a75ee843690531cb.jpg,fire,91.18,13.71
fire_image0233_1_png.rf.e73cd4ec620f91461aad9ac61488b657.jpg,fire,98.44,14.04
fire_image0237_2_png.rf.6701007e876a0fb73aee7a0cb139577d.jpg,fire,91.59,13.98
fire_image0239_2_png.rf.ad736f7eb390ffadba8b0828674c97d0.jpg,fire,84.32,13.9
fire_image0246_3_png.rf.4556532d9ca97fffbe1aa676f7e803e6.jpg,fire,94.28,13.68
fire_image0246_4_png.rf.f42a508886c0f2a8425af9bd1be63a76.jpg,fire,89.13,13.63
fire_image0249_3_png.rf.6abe9f23c63285aa15d1abff8a4dc1a9.jpg,fire,96.9,13.94
fire_image0250_0_png.rf.993b6ad8b50dd4c519ee4d63f51de174.jpg,fire,96.94,13.92
fire_image0251_3_png.rf.7fe65c371a571814574ec49648d79f12.jpg,fire,86.82,13.93
fire_image0252_4_png.rf.57ea33038a342382bcf1a97b18a772b2.jpg,fire,85.29,14.8
fire_image0255_0_png.rf.f6ab3ea73d00393dd0180f325e00f495.jpg,fire,93.36,14.14
fire_image0255_1_png.rf.1c00398ef64a094ef4d76ca622893436.jpg,fire,89.88,13.87
fire_image0256_3_png.rf.8e7ba01b011287c9f5a07043b235b7b5.jpg,fire,95.52,13.63
fire_image0257_1_png.rf.13c0a2fd63775b24d32bade3883de846.jpg,fire,74.11,15.58
fire_image0259_2_png.rf.ab514861a65324a79930aa22ea54c730.jpg,fire,88.19,13.93
fire_image0262_4_png.rf.40dbc84629622afb293d930c69c2c55c.jpg,fire,84.34,14.08
fire_image0264_0_png.rf.a56025b73a98bbb8a7367238a91256f9.jpg,fire,89.26,13.81
fire_image0264_3_png.rf.f1c892fd3cc99fdf15276bf29954f45c.jpg,fire,95.26,13.88
fire_image0264_4_png.rf.81ef7e7407c784a537f48e42460c56c3.jpg,fire,92.99,13.96
fire_image0268_2_png.rf.62241819f1591bd06cbf4e52d0c5eb90.jpg,fire,89.55,14.64
fire_image0269_1_png.rf.252408640b6b398c28f923415b5af686.jpg,fire,86.72,13.91
fire_image0271_3_png.rf.88474e0575aec03b55a287434a2cd54a.jpg,fire,90.81,13.72
fire_image0272_2_png.rf.03d16d52fe57efb8db0aed2c5e423cc8.jpg,fire,95.22,14.49
fire_image0274_0_png.rf.cc96d04c6863bd638d15536c2e98ca08.jpg,fire,78.43,15.59
fire_image0279_4_png.rf.2587d910a5147158f94973dd19049808.jpg,fire,93.71,13.83
fire_image0281_0_png.rf.c23119b4a28a019771ac0703021c25bd.jpg,fire,92.97,14.15
fire_image0284_0_png.rf.d2c34b6625c1081e7db8485a28949512.jpg,fire,97.28,14.11
fire_image0287_0_png.rf.99d841b9a68419d7ba108b16eb67dace.jpg,fire,86.74,13.98
fire_image0288_4_png.rf.ed8cce1bcec4e5b50b47504046ebab45.jpg,fire,91.78,14.19
fire_image0291_1_png.rf.2fe0bedfcc6a8bcdd58b71d4bedc7729.jpg,fire,91.62,14.38
fire_image0292_0_png.rf.a3ece39fcce8ea67f0fa11bfe8f22b44.jpg,fire,93.85,13.53
fire_image0295_2_png.rf.89042c9743fcfb081ecde33f67365285.jpg,fire,92.48,13.87
fire_image0297_4_png.rf.355bf1cd72b39f08e12922372abfde94.jpg,fire,91.56,14.04
fire_image0298_1_png.rf.ad49ab5975b7c624e7cb2e54ffef7bd2.jpg,fire,93.03,14.07
fire_image0302_0_png.rf.27626719cf88410c37abf52c883f77ab.jpg,fire,96.86,14.31
fire_image0302_3_png.rf.edfe9c7a374ee568a1ab583f3621dc3a.jpg,fire,96.25,14.1
fire_image0304_2_png.rf.309ad01c0aace82891a4b7cf6f447509.jpg,fire,89.96,13.64
fire_image0304_4_png.rf.9abdcf65e94669a1dfbc10575626d938.jpg,fire,92.59,13.85
fire_image0305_0_png.rf.6977bae302ed94e4715774cf39ab42b4.jpg,fire,88.09,13.81
fire_image0306_4_png.rf.165df4db031666dd3b55a86a046b1af6.jpg,fire,94.32,13.79
fire_image0307_2_png.rf.e7ad031db1c7b65fb4f5d6e89d3f270a.jpg,fire,89.19,13.82
fire_image0309_0_png.rf.3a598b1a0ef89198165045dad36515bc.jpg,fire,87.17,13.96
fire_image0311_4_png.rf.ccf122d911047476f34114a178d06818.jpg,fire,91.2,13.97
fire_image0312_2_png.rf.23ee51f0de1a246c014ac7bbf6a74b40.jpg,fire,87.54,13.88
fire_image0312_3_png.rf.725ffa8566883297aa9074bcd899ba21.jpg,fire,90.72,14.4
fire_image0313_1_png.rf.393d23537413a416bc7c6e7ac2167b96.jpg,fire,89.57,13.92
fire_image0316_2_png.rf.8c64ddd44c3f552f3b38089435584d65.jpg,fire,72.9,13.65
fire_image0319_4_png.rf.3df2aa8fe11390df75fa5aedd81bb035.jpg,fire,90.2,14.5
fire_image0327_3_png.rf.3891e67a6b6b19d3db5e280e7582cf35.jpg,fire,94.33,14.21
fire_image0331_2_png.rf.135f95a9075d51c44d5f5d4f7b565c1a.jpg,fire,91.88,14.11
fire_image0337_2_png.rf.89d49add43eb3bde9e3d8577460e8216.jpg,fire,93.95,14.67
fire_image0340_3_png.rf.37d48a4d23f5f315966046c6dc80ec40.jpg,fire,88.28,14.37
fire_image0340_4_png.rf.6c51e9f92a334348a4f41ee0d88deda9.jpg,fire,89.69,14.25
fire_image0343_3_png.rf.6b8e4d9ad6feb741d37eea560b81fc20.jpg,fire,95.04,14.13
fire_image0343_4_png.rf.94e8a311b43cb75ac4b2b5e3d5d4e89d.jpg,fire,96.37,14.19
fire_image0344_3_png.rf.fdad91b13fe916c8b9f6278e2746ae73.jpg,fire,89.05,14.1
fire_image0348_2_png.rf.5a39cef3bca67b9b61c880cff0db17e5.jpg,fire,87.59,15.05
fire_image0349_0_png.rf.0f8b9e70d7166f41c81ba5063ce993c9.jpg,fire,75.16,14.14
fire_image0349_2_png.rf.1ff084d8958e2740ba00f14f8098423d.jpg,fire,70.61,16.71
fire_image0351_1_png.rf.00d5c64c8a869bd88f365322e01bc56d.jpg,fire,89.31,13.82
fire_image0355_0_png.rf.0c4e9e21fa1a6587c007f3aa1f52a4bb.jpg,fire,95.18,14.28
fire_image0357_4_png.rf.b7fb6abbcc50918975173b8497bf4053.jpg,fire,91.18,14.22
fire_image0362_4_png.rf.605505e702449cb358cb0ee542f27ad0.jpg,fire,89.83,13.63
fire_image0367_0_png.rf.5e5a9ca9a16804f40338da20632afe81.jpg,fire,92.86,13.93
fire_image0367_3_png.rf.7cc6ee9ab9e85a763f2e5b2e721113f3.jpg,fire,94.64,13.67
fire_image0375_0_png.rf.e304e077d734c388b8bca557a1ba5557.jpg,fire,90.9,14.04
fire_image0375_2_png.rf.7fafca46668042b5dd4fe528752589c3.jpg,fire,81.89,13.73
fire_image0380_3_png.rf.ced43ab0b446341bb6853b378edfe8b0.jpg,fire,92.67,13.58
fire_image0381_2_png.rf.e266e543d5f2831cbf7c47060e2bf7bf.jpg,fire,89.1,13.8
fire_image0386_0_png.rf.dc8624fe7829fb988d28d88ff65e3308.jpg,fire,86.68,15.16
fire_image0387_4_png.rf.a60cd1cdd6a4667832416134b72cf40c.jpg,fire,88.9,14.18
fire_image0388_2_png.rf.a0c0122580655b544d74a9d6d55f8b6f.jpg,fire,89.3,13.87
fire_image0395_2_png.rf.426896616d8d807144f3bc76e0e3a466.jpg,fire,79.66,13.71
fire_image0396_4_png.rf.e5f6137ef9a1edefce79e5d5e4631f2a.jpg,fire,94.87,14.22
fire_image0402_0_png.rf.69a3be65c3ddce7b9ba446eefbd46185.jpg,fire,76.01,13.64
fire_image0403_3_png.rf.98ee6acfbaccb8ba739e9506ec705964.jpg,traffic_incident,76.33,14.14
fire_image0404_0_png.rf.6c516b89dfb62e013d8553c9ffa189d6.jpg,fire,86.53,13.64
fire_image0404_1_png.rf.6ff3643573cd5a9fbe55a4b29e553151.jpg,fire,85.55,13.58
fire_image0404_2_png.rf.46ac2621b2c80abc76f668c540b6d7f6.jpg,fire,81.3,13.93
fire_image0407_3_png.rf.d10f4f5da2f38e747be822d482c131c6.jpg,fire,82.92,13.51
fire_image0412_3_png.rf.93f66def42bf8ae45a335de7a4fa33a9.jpg,fire,93.74,13.96
fire_image0415_4_png.rf.1f9683294376e6aa81487be66a98190b.jpg,fire,74.9,14.06
fire_image0418_1_png.rf.5ea94232cfb5c341218bc5e865895d9e.jpg,fire,86.62,13.48
fire_image0422_2_png.rf.4e3c7b0ee4705f547da9df96d7e8d371.jpg,fire,89.78,13.77
fire_image0422_3_png.rf.7d4abb1bc30db950d8b0df098360c8de.jpg,fire,91.17,13.87
fire_image0423_0_png.rf.490fe043d48c7e7f91997ec8aa808100.jpg,fire,91.72,13.85
fire_image0427_0_png.rf.3f1ef76ba41c7f869a841e0596021471.jpg,fire,83.57,13.72
fire_image0433_1_png.rf.a65f16a101dbd01c7f37bc04b6a6a07d.jpg,fire,91.36,13.59
fire_image0434_3_png.rf.723a003086017a0810920d1878283dd4.jpg,fire,93.82,13.85
fire_image0435_3_png.rf.9bf9132f848b17ff9542f913804fafbc.jpg,fire,96.05,13.84
fire_image0437_3_png.rf.67eb97bd32e6bf6398bfd9466326bbf1.jpg,fire,96.46,13.69
fire_image0438_3_png.rf.30fd035479a20c442838ada92bf35f03.jpg,fire,89.66,13.39
fire_image0440_4_png.rf.1e80fec3f01d863e8b9e50d6bbdfa188.jpg,fire,95.44,13.91
fire_image0444_4_png.rf.6712d76d083b03357a26c11eb6880e0b.jpg,fire,95.28,13.55
fire_image0448_2_png.rf.1d030c6a50b8c1ff9841b67298408524.jpg,fire,83.08,13.75
fire_image0448_3_png.rf.23ee95f89b5de402de98053422b7c97e.jpg,fire,87.14,13.52
fire_image0451_4_png.rf.a072e86bb12ae05772ddaf88a7582e67.jpg,fire,88.19,14.2
fire_image0452_1_png.rf.12a5fc78ec3121596cb5602f3efe8661.jpg,fire,57.05,13.67
fire_image0452_4_png.rf.79c4a024de45567b66cbdfc5cc4d9cf8.jpg,traffic_incident,49.4,13.81
fire_image0457_2_png.rf.847390717a9311560b41ebabd594ade7.jpg,fire,86.0,13.57
fire_image0458_1_png.rf.9cd0e919708f49577123e9aaa50542f4.jpg,fire,86.13,13.58
fire_image0458_4_png.rf.597ba5ad9249200f6748ebef8c376e98.jpg,fire,91.81,13.59
fire_image0460_4_png.rf.9953b1258e6494c5d8fbf008558241b9.jpg,fire,90.65,13.6
fire_image0461_1_png.rf.adf536ee2960cd50284703dca8fbc915.jpg,fire,91.51,13.83
fire_image0464_4_png.rf.325cb7c668d4538f775b19d42373732f.jpg,fire,78.98,13.48
fire_image0465_0_png.rf.661b65a989c5644f009d434e491b808c.jpg,fire,88.11,13.82
fire_image0467_4_png.rf.58f96a95c9e85c27ebfd17e503009437.jpg,fire,91.77,13.42
fire_image0469_0_png.rf.a713fe02e4e467641eb17e7ae2265ae1.jpg,fire,97.22,15.72
fire_image0469_2_png.rf.889713c426789d70ab42bc16062c3c37.jpg,fire,95.09,13.67
fire_image0470_0_png.rf.c94f70b7fb8b39c4c50de818a90c407b.jpg,fire,94.75,14.54
fire_image0473_0_png.rf.d2636fb908d8995834aeb9238fc8f698.jpg,fire,95.65,13.6
fire_image0474_0_png.rf.35f461bc09352366e07eedbb52682b6c.jpg,fire,91.67,13.32
fire_image0477_0_png.rf.e4b2da6f4c5d7c312247c3ab451c94f8.jpg,fire,83.02,14.02
fire_image0477_4_png.rf.ad6877cd421b312e1072df08a6833099.jpg,fire,92.41,13.82
fire_image0481_2_png.rf.c86f855a2a6e698f4bf5b3679e301412.jpg,fire,94.53,13.86
fire_image0485_0_png.rf.f284b7d7284e831b5fc78217b083e7dc.jpg,fire,92.23,13.36
fire_image0487_0_png.rf.45c3d59d3a165440507c9c5e1e319faf.jpg,fire,96.65,13.37
fire_image0487_1_png.rf.91458166b092bb384e2053362c16814c.jpg,fire,93.24,13.31
fire_image0492_3_png.rf.f736e4a3976c7d3acaa1a92a5671e4eb.jpg,fire,91.01,14.56
fire_image0496_0_png.rf.5e3dbef192fbf3002076172f9cd3fb24.jpg,fire,88.8,13.85
fire_image0496_3_png.rf.3157d0e833ecb0dc2d1e45887d6f9ead.jpg,fire,88.05,13.6
fire_image0498_1_png.rf.335e03fb3167b5c38d8b1a0f75269b19.jpg,fire,89.6,14.53
fire_image0504_0_png.rf.3b7516a3361a5ff7428b505fed7b98b0.jpg,fire,82.36,13.41
fire_image0505_0_png.rf.8d9a8971952632d214770ca9ff4151e4.jpg,fire,88.88,13.27
fire_image0508_0_png.rf.f1a005c67f2f7ff6b1eeccbc629bc097.jpg,fire,94.98,13.84
fire_image0512_2_png.rf.b75b18e74be139515a325c892c1d7649.jpg,fire,95.15,13.62
fire_image0514_4_png.rf.12097e471e31c85b06409d72e448a37f.jpg,fire,89.23,14.05
fire_image0515_0_png.rf.3bff9ad591926e042fcf97817c7235db.jpg,fire,88.63,13.49
fire_image0518_0_png.rf.14fc68b0ca96598849db6ae1fbd7232b.jpg,fire,98.71,13.68
fire_image0518_3_png.rf.b8068a77895e0c8c31a747212e18e9fe.jpg,fire,95.83,13.47
flood_image0003_0_png.rf.f51f82927d7e4605eaadead91e3a3104.jpg,flood,98.84,14.25
flood_image0004_3_png.rf.7cecfa4d434d932c778ef182165a4d52.jpg,flood,91.58,14.12
flood_image0006_4_png.rf.018f640a8b84e69e8ce04da4d065e5e0.jpg,flood,77.05,13.62
flood_image0008_1_png.rf.9417136799078cc7f0bf695eb049bddb.jpg,flood,92.06,13.87
flood_image0008_4_png.rf.3f0076438bc8d43dc9ab3046040e39ed.jpg,flood,90.19,13.51
flood_image0009_1_png.rf.6350b9f2897b6a491550a338bce7977d.jpg,flood,96.62,13.48
flood_image0012_0_png.rf.088dfb24c2df2630f3ca72ee9b8c4477.jpg,flood,93.01,13.88
flood_image0014_0_png.rf.ea39af44b4ec6f5b5e46fa472fd6b774.jpg,flood,95.91,13.56
flood_image0018_2_png.rf.f7fd2555579467534885db35df24cc9a.jpg,flood,96.08,16.84
flood_image0018_3_png.rf.e7511d2c661c14f15cf3bd5b871ea4ac.jpg,flood,97.92,13.5
flood_image0022_0_png.rf.9ae71be4eb344564e5292dead517ffb6.jpg,flood,85.39,13.89
flood_image0023_1_png.rf.ccdce0254d43c5fbcea2783e328715f7.jpg,flood,96.14,13.67
flood_image0023_3_png.rf.649e9d4ac71fe6aaed590275b6a177da.jpg,flood,91.8,13.49
flood_image0024_2_png.rf.9c5c502243958deb1f94472fee14f84b.jpg,flood,95.55,13.4
flood_image0026_2_png.rf.05dd2200f630702abd7fa9fa644c4cd2.jpg,flood,83.68,13.84
flood_image0027_0_png.rf.5ba9a4a88ea6816cb7111e6d7879065d.jpg,flood,97.2,13.46
flood_image0027_3_png.rf.7ef331a28b6bf512e75e64bb8e80be27.jpg,flood,94.31,13.55
flood_image0028_3_png.rf.85cb7e035cd95e5363f29ce601ea7a29.jpg,flood,55.68,13.27
flood_image0031_2_png.rf.65b07d1da2152b388a6e8f031e0a1e8a.jpg,flood,93.96,13.57
flood_image0032_2_png.rf.971a1e5156c628560198a76bd79df8b8.jpg,flood,91.38,23.03
flood_image0032_4_png.rf.c9577be8dcbbfcb4578f636e451b102b.jpg,flood,90.98,13.54
flood_image0034_1_png.rf.72bd32ccbaa6222fb810f91975a44191.jpg,flood,94.48,13.74
flood_image0035_2_png.rf.e1e616d3b077434c9905b8a1e84f4abc.jpg,flood,96.59,13.65
flood_image0036_0_png.rf.b4bbb81622f4fead41ad381a57e25aea.jpg,flood,97.83,13.42
flood_image0036_3_png.rf.ea56c6257c584a554e7605829803e007.jpg,flood,97.1,15.86
flood_image0037_0_png.rf.318ad8f03792a90abec915ea2812ff8f.jpg,flood,95.4,13.78
flood_image0037_4_png.rf.6b8c3bd8b2295171a0f65f739a2b3072.jpg,flood,97.13,13.96
flood_image0038_4_png.rf.485424bd066d551af107d6af9398adf1.jpg,flood,97.3,13.39
flood_image0042_0_png.rf.e748ba3272cb2098625686160f90bb85.jpg,flood,83.42,13.31
flood_image0042_1_png.rf.3b15a96daeb7ad6efb59d38c937e9500.jpg,flood,83.98,13.53
flood_image0042_2_png.rf.3f5adfb14f59c1af6fe9f109218a10a7.jpg,flood,90.04,13.74
flood_image0044_0_png.rf.a1c016b732968e10bc301373f1e4beb4.jpg,flood,91.79,13.75
flood_image0044_1_png.rf.4fa07961ea95ae86ade9e4034870ccc1.jpg,flood,84.5,21.1
flood_image0044_4_png.rf.c020a644f51271be312d9f2e891be11c.jpg,flood,75.89,25.17
flood_image0052_4_png.rf.eec4a00232e201ccc6115bd78644911b.jpg,flood,89.57,22.06
flood_image0053_0_png.rf.4627df23201d08d662abd8b55d65af80.jpg,flood,88.87,15.36
flood_image0055_3_png.rf.62eff8eb0479fd60b1f935e6a88e1188.jpg,flood,95.03,15.32
flood_image0058_1_png.rf.541c4278421014b3edd0e9e7a20ac6b1.jpg,flood,93.93,13.96
flood_image0066_3_png.rf.342d7e81783351ec899470ca733cbc94.jpg,flood,91.56,13.53
flood_image0066_4_png.rf.f0fea62db1dc9411ed8fcc43c1be6d77.jpg,flood,93.38,13.29
flood_image0067_1_png.rf.9d036ff47624e3dc3cc79c874cc32e7b.jpg,flood,88.2,13.63
flood_image0068_0_png.rf.0c218deb9f83dae41f2dcdce07581d29.jpg,flood,70.66,13.99
flood_image0068_4_png.rf.81626d1547b8921fde2f7f94ede476b1.jpg,flood,74.65,14.09
flood_image0071_0_png.rf.f2be35552708f58cb51f382c6fdddf40.jpg,flood,85.58,14.02
flood_image0073_3_png.rf.027c6ef7e480dbfc9958ccb97a9bd827.jpg,flood,86.09,13.65
flood_image0074_1_png.rf.7ea1e8d46af42e3c6d3837acaffb5667.jpg,flood,84.57,13.39
flood_image0075_0_png.rf.5e4d4e9cd1a7eb6ded8ae8aac069b86a.jpg,flood,92.96,14.56
flood_image0076_3_png.rf.43e89a50b249c2e749cea9ce6278cb76.jpg,flood,92.1,13.49
flood_image0081_4_png.rf.881048b0e4f2b5f97c0b798a31e56b00.jpg,flood,95.01,13.78
flood_image0084_3_png.rf.e05a742d614362800499f8dd75d49767.jpg,flood,96.57,13.44
flood_image0086_2_png.rf.f6070e4dc18c9072d1a8663c78fe4aa9.jpg,traffic_incident,37.72,13.59
flood_image0095_4_png.rf.b76cc00ecbba921b6e17a1b182c8fac7.jpg,flood,82.0,13.43
flood_image0099_0_png.rf.889134b9a1f1944f4114cc6bc66323b4.jpg,flood,60.15,13.96
flood_image0100_2_png.rf.b67154f082192f854b96fccb0a653f3b.jpg,flood,94.13,13.98
flood_image0103_1_png.rf.f421beff6dd5f36523c810d5cc18fcc3.jpg,flood,97.61,14.37
flood_image0104_2_png.rf.01e8d18f00ec14f206cfe96cbfc96faa.jpg,flood,72.23,14.22
flood_image0105_2_png.rf.ff07c4f0a713c9e87d2ab8fbb1ece7de.jpg,flood,95.98,13.78
flood_image0107_4_png.rf.4cdeb49fdc65bbf3f16ad11cccc1ec08.jpg,flood,93.78,13.53
flood_image0108_4_png.rf.02469c791cb90ce845dc635e7efab6c7.jpg,flood,96.63,13.41
flood_image0112_1_png.rf.65f25d19f4c8ec6aa4c50aee08a4f5d4.jpg,flood,85.32,13.47
flood_image0113_3_png.rf.969866b51cc72f2fa083fb2b1d7fa57d.jpg,flood,92.86,13.98
flood_image0114_4_png.rf.a8255773a62ab68b028ea8e2baa18231.jpg,flood,90.91,13.73
flood_image0115_2_png.rf.7b3ea15d3c552932137a175729932e11.jpg,traffic_incident,77.82,13.61
flood_image0116_0_png.rf.71353e62a694e7b98e2fbc7313c35323.jpg,flood,91.76,13.91
flood_image0117_1_png.rf.ecf3b5c25de5f640ad0cd7b43c7953fe.jpg,flood,94.69,14.28
flood_image0119_1_png.rf.492ec2c47103b5fa9c3a328322ea2e6a.jpg,flood,90.07,14.62
flood_image0120_3_png.rf.0450b8f519e7a0d8e90576ac05288a37.jpg,flood,87.83,14.45
flood_image0124_4_png.rf.f06645e7ce6bf1deb604bcaf7a8f6e9a.jpg,flood,54.13,13.67
flood_image0126_1_png.rf.6fda0d92b989823ea22c214ef6e7e0bf.jpg,flood,90.79,13.74
flood_image0127_2_png.rf.03f8fa452f13c35a03ac53cf35a3a628.jpg,flood,87.23,13.65
flood_image0127_4_png.rf.fab0d9ae74e7974464185926100e5b1f.jpg,flood,87.3,13.52
flood_image0129_1_png.rf.b568d62f3ebd8ad2312cd73cb9216d0b.jpg,flood,84.1,17.84
flood_image0130_2_png.rf.aef71162373f3dd237937cb94f154a4a.jpg,flood,71.9,15.29
flood_image0131_3_png.rf.846886a20eff89fa1c60e187df17990e.jpg,flood,91.79,13.75
flood_image0136_4_png.rf.15d3821fe37a04f34c1d2610e9fef6d8.jpg,flood,92.11,13.85
flood_image0137_0_png.rf.ce5caaf89b20ee70b50919cb5b9c8a36.jpg,flood,96.24,13.56
flood_image0137_2_png.rf.591e1eefb5e77e251e92d93054d5e605.jpg,flood,92.04,13.6
flood_image0139_4_png.rf.5093ac163313a2413d97d44fb4412d2f.jpg,flood,77.96,13.55
flood_image0142_4_png.rf.866caff2db01fa3d033dc5aeba4202ed.jpg,flood,85.31,13.24
flood_image0143_0_png.rf.8159cb5d286543b063d9b4b52a83fa3a.jpg,flood,95.27,13.48
flood_image0148_2_png.rf.2d4b7de5160d319ae7ae4d8b0096c944.jpg,flood,76.48,14.39
flood_image0148_3_png.rf.6d62be9f6602725d4224d8a59aa90fbf.jpg,flood,78.56,13.26
flood_image0152_0_png.rf.29b99bc9242ddb0ee22e1d42453e0a6d.jpg,flood,88.51,14.97
flood_image0152_1_png.rf.a37ca17972d6bf39bf75352fdf31a6f6.jpg,flood,87.62,14.72
flood_image0154_2_png.rf.8df3552f4be253e66358aa5a9682d9d4.jpg,flood,96.5,14.48
flood_image0156_0_png.rf.784742c2735e8f07bc0e7acfaf6d28be.jpg,flood,87.56,13.78
flood_image0165_2_png.rf.89d3e8b73f2fa468dfb894d6d5bc12ba.jpg,flood,63.67,13.52
flood_image0166_3_png.rf.77c0574b554f009761a25e696701964e.jpg,flood,39.28,14.31
flood_image0167_1_png.rf.8759e24636195c5111bd5ffb96d9b608.jpg,traffic_incident,33.53,13.88
flood_image0170_2_png.rf.f2704290ecf615f76b9d902c6ee94969.jpg,flood,60.56,13.66
flood_image0173_1_png.rf.f51dcb1393fe04014d317500a9b6bd38.jpg,flood,81.92,13.42
flood_image0175_2_png.rf.1aef5add88f3d35bbec29281faa08c25.jpg,flood,81.77,13.7
flood_image0176_3_png.rf.cda9e160278a56b403e7e0000cd2326b.jpg,flood,75.97,13.83
flood_image0179_0_png.rf.df5304c2e1d33a2460e5d4fb4d6c8d7b.jpg,flood,98.05,13.56
flood_image0179_3_png.rf.b4999aad7e80760a5b03d70259f42831.jpg,flood,97.8,13.29
flood_image0180_1_png.rf.cd78539c254d9581abefa6ab1889b10d.jpg,flood,90.58,13.42
flood_image0181_1_png.rf.4644b84386559bee9cd9177fb616bda3.jpg,flood,95.52,13.92
flood_image0182_1_png.rf.fffb6c2d3b48d3ea662baa208c3adf93.jpg,traffic_incident,38.21,13.87
flood_image0182_2_png.rf.2233c166675291f12ab1bbc3a0403770.jpg,collapsed_building,49.45,14.01
flood_image0185_4_png.rf.fc6ef3627e3cdaa398f7b2199983b9a6.jpg,flood,63.37,13.73
flood_image0187_0_png.rf.fd9cfc3ad3d2020bf82b0aa2694067ce.jpg,flood,89.83,13.42
flood_image0187_1_png.rf.8c75376ba727cfd173942a3e3a8c4973.jpg,flood,91.1,13.84
flood_image0187_2_png.rf.8199a299ac9356bb46635c6e14ff34df.jpg,flood,94.03,13.45
flood_image0190_3_png.rf.069ee88d8874f3ab576f559f8e78dcb7.jpg,flood,79.6,13.52
flood_image0193_3_png.rf.f6052bf1f5a33377497ba3c654373904.jpg,flood,77.93,13.76
flood_image0198_3_png.rf.7036f6d1fef1c95a634ecf1b97bebbcf.jpg,flood,92.08,14.3
flood_image0200_1_png.rf.ce2d94bea7cddc4fda163c41b1c14755.jpg,flood,91.81,13.4
flood_image0203_3_png.rf.f9f2bf2b918f1bb911e0a599cf8cbb5e.jpg,flood,94.5,13.44
flood_image0205_4_png.rf.018deaf61fe24aee9a32034dd6f02551.jpg,flood,90.43,13.9
flood_image0214_2_png.rf.fce76e729d10bab163f735011007dcd5.jpg,flood,89.95,13.82
flood_image0214_3_png.rf.fb469327da5f7abd19464044e1f7e43d.jpg,flood,93.1,13.92
flood_image0219_0_png.rf.57440a5c2a16ad6e5bbbcf83aa0ca039.jpg,flood,97.66,14.16
flood_image0221_3_png.rf.03e357da098b88f9c9cad3a567bd8a4a.jpg,flood,99.09,13.43
flood_image0226_0_png.rf.3158ed5bf30125cf148604791a299e8d.jpg,flood,94.83,14.04
flood_image0227_3_png.rf.fd839cc3250ebeeb9b3988c4c8ef5fa5.jpg,flood,94.91,13.33
flood_image0232_4_png.rf.5754c7b6586c9c61e6a1ab3e4ade4be2.jpg,flood,95.09,13.43
flood_image0234_1_png.rf.9791f3590467073bf75f51ff4ecae77d.jpg,flood,93.61,13.57
flood_image0236_2_png.rf.fa80bd6397c4ad06bcfe333f1b9c6448.jpg,flood,90.98,13.99
flood_image0237_3_png.rf.da7b6f864eeecafbf84c54b739d462c4.jpg,flood,93.76,13.68
flood_image0239_1_png.rf.779295e19d90fcd87cdc21a38b55df3b.jpg,flood,91.42,13.67
flood_image0240_0_png.rf.33344e5e6f7403dabeedf08134c4f5b6.jpg,flood,58.93,13.36
flood_image0241_1_png.rf.b67a7fa25c6cd70007a3938be49780f7.jpg,flood,94.17,13.73
flood_image0241_4_png.rf.98d63e8916e0de6f6dc27a6b2b3d81a2.jpg,flood,90.99,13.93
flood_image0243_4_png.rf.1cda9e16ccc0c036be51f5006f0984cb.jpg,flood,90.42,13.61
flood_image0247_0_png.rf.3be1fc7ca27b82039b8eb8e4f712b8f8.jpg,flood,90.63,13.42
flood_image0247_1_png.rf.9e637055ae1ad3f7728cf204ae1d42d5.jpg,flood,91.29,13.27
flood_image0248_3_png.rf.eaad0e651e18dc3ec456cf39f8c9d1a3.jpg,flood,93.08,14.01
flood_image0249_4_png.rf.21b9f5bbaea56cbdedf6d0cdbc935f06.jpg,flood,96.83,13.99
flood_image0250_3_png.rf.0fc0ba9cd7a8e1eee235d6a8edd6caa0.jpg,flood,97.12,14.25
flood_image0251_4_png.rf.29bc67cb9bde899cfa69600d8b49a831.jpg,flood,83.08,13.59
flood_image0252_1_png.rf.196566a32acb528d65f8da1489100798.jpg,flood,90.88,14.12
flood_image0255_2_png.rf.b8943b5fe373b800241b668559105311.jpg,flood,94.98,14.08
flood_image0258_0_png.rf.d466f61a2a79783feda26e3dd407e75d.jpg,flood,95.97,15.83
flood_image0262_1_png.rf.e30db34c9f7c2fe0eb9401886b4b55a3.jpg,flood,97.18,13.8
flood_image0264_3_png.rf.4621bef19869ced2ddf8277d99170eff.jpg,flood,92.0,13.91
flood_image0266_0_png.rf.f47e84e4f8b2def93863b84763a7faa4.jpg,flood,94.77,13.8
flood_image0267_3_png.rf.ce3d15d7f09d36b14fad3f7643acf5bf.jpg,flood,93.26,13.63
flood_image0268_1_png.rf.217562922ab7b396165f8c62077072f5.jpg,flood,86.36,13.5
flood_image0272_0_png.rf.575290666832cbd22879eba7d571c06f.jpg,flood,49.03,13.43
flood_image0276_3_png.rf.4f7f40f24aa8895469899df5af9589d7.jpg,flood,98.91,14.04
flood_image0277_1_png.rf.e09b64185deb27dcc5ef63faf66a77ff.jpg,flood,94.14,13.57
flood_image0277_4_png.rf.b1c29524ae5f26f5b5bb522da3031c59.jpg,flood,93.65,15.56
flood_image0278_1_png.rf.1edc0830c301020f79abb3a4a22350a0.jpg,flood,97.1,13.76
flood_image0278_2_png.rf.6822c7316b05248c724ebc77aa44bba1.jpg,flood,97.88,13.46
flood_image0278_3_png.rf.59a9220eb7d2b08beae0fff189d591f5.jpg,flood,97.39,14.29
flood_image0280_2_png.rf.0ce16ac721ab7564f1e12bf6b17e005c.jpg,flood,90.5,14.18
flood_image0282_2_png.rf.fc850ff028d45382337036df7aa174e0.jpg,flood,95.1,13.49
flood_image0283_4_png.rf.36eb37005bf2465a7c27ee8a774b21e2.jpg,flood,91.23,13.63
flood_image0285_4_png.rf.b9c6af02b6f452ffb230fca930aed346.jpg,flood,75.55,13.55
flood_image0288_2_png.rf.e7ff119e627082750874277f4a30cd22.jpg,flood,93.13,13.45
flood_image0291_4_png.rf.134c187343c2984032a333ca8e8205b2.jpg,flood,93.5,13.53
flood_image0292_0_png.rf.e00649d9c881c5376a788e949fce6404.jpg,flood,80.86,13.6
flood_image0292_3_png.rf.898d4ec1db0a644f878788f82b1855a6.jpg,flood,77.2,15.58
flood_image0293_2_png.rf.84d868ed6d00ed6e7219c98d4b0c635d.jpg,flood,90.36,13.69
flood_image0296_4_png.rf.3a944935bc73bf3b825a4e84120494f3.jpg,flood,98.67,13.69
flood_image0298_0_png.rf.c4dbf2e1331593f0e1809d57fe867590.jpg,flood,94.26,13.91
flood_image0303_1_png.rf.b780baf37cceca1ad1d63d9112ce7250.jpg,flood,96.54,13.31
flood_image0305_1_png.rf.105ae3ee307fd2658010438ba71e90ab.jpg,flood,91.5,13.49
flood_image0307_2_png.rf.d4c364eb99edc6660c3e8577c31fc837.jpg,flood,88.19,13.69
flood_image0308_4_png.rf.7ed3ac5bb42b111753fc52410322ea03.jpg,flood,86.62,13.77
flood_image0309_0_png.rf.9655a5137273f2faf3d13d099818e383.jpg,flood,98.21,13.55
flood_image0309_2_png.rf.0036c9a59e08dc2052a39ffc424ed785.jpg,flood,98.46,14.36
flood_image0310_4_png.rf.479757ae06a66d3165e1a7bf56096f87.jpg,flood,96.54,14.26
flood_image0314_2_png.rf.30abb63366397d1397d6cf5da4481aba.jpg,flood,61.75,13.77
flood_image0315_0_png.rf.d70444feb436bc876455f7f4ce94a4b9.jpg,flood,92.93,13.59
flood_image0316_0_png.rf.cef15dece4233f7eb15cc41506d1c489.jpg,flood,75.28,13.52
flood_image0318_1_png.rf.a9dc8c1d20df9178f3720b4b401a5c0c.jpg,flood,93.6,13.7
flood_image0318_2_png.rf.30ee91b4b24db7f41f6f8cc69f53b121.jpg,flood,94.66,13.61
flood_image0319_3_png.rf.81fc304b4b37ffd174bb8fbc664849c5.jpg,flood,92.1,13.63
flood_image0319_4_png.rf.c411f7f48ad3ef0c240a4f0190e31ca9.jpg,flood,88.06,13.54
flood_image0321_0_png.rf.f70e7be141b729b03008802d1570ce81.jpg,flood,59.59,13.58
flood_image0323_0_png.rf.f295ed5c98ff7ab6c21f3b737971fe71.jpg,collapsed_building,41.16,13.99
flood_image0327_4_png.rf.1f6f93ee47539227da4287412b343104.jpg,flood,85.95,13.31
flood_image0329_4_png.rf.a90852fb138d8c7759f98f1c97a426bb.jpg,flood,86.05,13.44
flood_image0330_3_png.rf.2d73b56944fce9a5ebf26759dc747265.jpg,flood,84.27,14.29
flood_image0331_4_png.rf.268a565956b0244d8037344a16055511.jpg,flood,36.69,13.76
flood_image0335_0_png.rf.071b08b3632c81ec0bc173114597d8b8.jpg,flood,95.13,13.53
flood_image0337_1_png.rf.97d53c393aec78a4d1c9085adb939f53.jpg,flood,71.77,13.81
flood_image0341_4_png.rf.9180457fc75547a530e772c2ea7e2604.jpg,flood,93.73,13.79
flood_image0345_3_png.rf.5f394a2f2c32460d25c12cb161b502eb.jpg,flood,86.54,14.4
flood_image0346_0_png.rf.1933fcb5508162654583ef17a4c7cdd1.jpg,flood,93.68,14.18
flood_image0346_4_png.rf.433d3a9592221809adb5e5d4d8ada827.jpg,flood,93.42,13.79
flood_image0347_0_png.rf.3371fbbf2406d3ce223986d2b204feb4.jpg,flood,97.68,13.6
flood_image0348_0_png.rf.97bb2fe6e35fab6f708459b4c33df798.jpg,flood,96.41,13.57
flood_image0351_0_png.rf.142efc997ed0e52f5780a6c7e92021d1.jpg,flood,92.28,13.51
flood_image0352_4_png.rf.736830016001894986430513ddc10a25.jpg,flood,94.96,14.07
flood_image0353_2_png.rf.be82fd01735901b0adf919445d26dcc1.jpg,flood,95.42,15.66
flood_image0354_0_png.rf.92414645af665c8744ccf3696cfebad8.jpg,flood,96.75,13.5
flood_image0355_3_png.rf.cb92111f21947b6894054cf30025da9d.jpg,flood,63.79,13.44
flood_image0356_2_png.rf.ece7af8ae1094949d89903ddea0c46a1.jpg,flood,98.25,13.45
flood_image0356_3_png.rf.0e5b44df0273b1212a136f25ed4c2ae1.jpg,flood,94.15,13.56
flood_image0361_0_png.rf.13284de270384714a62aab675936983a.jpg,flood,94.95,13.61
flood_image0361_4_png.rf.7eaafbce109124fd086b99402c60da1d.jpg,flood,94.74,13.59
flood_image0367_2_png.rf.e06cf8b20eb27782c24ebbb133da8847.jpg,flood,91.11,13.95
flood_image0371_4_png.rf.99d265d2a01992ab9609c35b6821bcc9.jpg,flood,95.01,14.04
flood_image0372_2_png.rf.0819d0d3c7c139514b62b53eac0cb606.jpg,flood,86.98,13.37
flood_image0374_3_png.rf.afcd6040654ef9b374d0ff2564af14be.jpg,flood,96.96,13.94
flood_image0375_1_png.rf.e9d7ae8b785ac9ce10162edad71d7d18.jpg,flood,98.79,13.48
flood_image0376_0_png.rf.f1616f7fd25f561355dc83b9ae792ca8.jpg,flood,72.78,13.47
flood_image0378_1_png.rf.c9253d0654b0b79adf1a9af2cfd13a91.jpg,flood,86.71,13.78
flood_image0380_1_png.rf.426c094d292c263c76e8a9980b4c9d61.jpg,flood,96.91,13.28
flood_image0381_3_png.rf.2a38d23362210996530d5af8fdc4b099.jpg,flood,87.44,13.33
flood_image0387_4_png.rf.e27f5cbb3d3aadaee464cc7a68bbca08.jpg,flood,81.74,13.63
flood_image0388_3_png.rf.928daaf9826a567a1d0c939448173c23.jpg,flood,81.72,14.08
flood_image0389_0_png.rf.f70ed01a0db16a3c689ff7cbc0a99a63.jpg,flood,95.58,13.64
flood_image0390_3_png.rf.9cb899fbdb86adf34175cdd46c087c30.jpg,flood,88.88,14.56
flood_image0391_3_png.rf.7e475b8727976be7fbdabedb7f2e498c.jpg,flood,54.52,13.88
flood_image0393_0_png.rf.a78b90a4f98115cfbdeeb9858ef21e0a.jpg,flood,87.05,14.19
flood_image0394_0_png.rf.9615ad43c2494b3cf15c7b06acb7ed01.jpg,flood,69.38,14.04
flood_image0396_1_png.rf.242a32f81179cd8aa06933833115c6d8.jpg,flood,93.89,13.66
flood_image0398_1_png.rf.4fa315b5f0e650758fc7e367ffc22d52.jpg,flood,84.43,13.73
flood_image0400_0_png.rf.e35027a94135bc0f269ea1fd0d89ab5d.jpg,flood,95.73,13.74
flood_image0400_3_png.rf.b19327b01bc95df1881508de158ee753.jpg,flood,97.28,13.88
flood_image0402_3_png.rf.7fd81bb3ff521bbed1c816067da64c9c.jpg,flood,89.38,13.6
flood_image0403_2_png.rf.a33b47d9ed049182c71054394a4cf0d6.jpg,flood,96.6,14.03
flood_image0404_0_png.rf.5be8f8f90ea89677effe811d40d58ed6.jpg,flood,86.09,13.94
flood_image0407_2_png.rf.c4ca5334a3535d4dd576274c04b2f399.jpg,flood,93.1,14.88
flood_image0408_0_png.rf.9619700657729d784447200a3f97683a.jpg,flood,88.08,14.17
flood_image0408_1_png.rf.f2523fa8aacae51f8145856f3aa773aa.jpg,flood,93.36,14.47
flood_image0408_2_png.rf.97d6205718592c0d7a7001f57313a34c.jpg,flood,91.37,13.56
flood_image0413_1_png.rf.960ebbf755b523f0bf3a1a8bdca073da.jpg,traffic_incident,70.13,13.38
flood_image0416_0_png.rf.441d6348a0fe94ef6ed546bdfed94879.jpg,flood,89.2,13.46
flood_image0416_4_png.rf.43b56432b991aa5fd131ed497d681e61.jpg,flood,90.25,13.78
flood_image0419_4_png.rf.55831e5d6f27f0a545ba909db1ad877b.jpg,flood,79.1,13.43
flood_image0420_0_png.rf.2ecfc0118db4e3b5c483734694f8a3eb.jpg,flood,79.8,13.67
flood_image0421_3_png.rf.b873d886bd53b17fcaf559c2d812c56c.jpg,flood,86.1,13.75
flood_image0422_1_png.rf.dc7b58ad8219fabb3b10923852859c3b.jpg,flood,92.63,13.55
flood_image0430_0_png.rf.4574ffca4e6946f95b7d856aa6bfcdc5.jpg,flood,88.89,13.78
flood_image0433_4_png.rf.52396f84a7801ab60b2a5218f16243c6.jpg,flood,93.17,13.52
flood_image0435_0_png.rf.b5e415effbee9871ee0ff5d196d4e597.jpg,flood,83.59,13.57
flood_image0442_2_png.rf.49d2d82dda30b1239c119a720b9baa30.jpg,flood,93.02,13.29
flood_image0443_4_png.rf.055fe387bebaa25f063d014f5f7aefd6.jpg,flood,91.21,13.59
flood_image0444_1_png.rf.d4760c3804129c019c5efc01964104a9.jpg,flood,91.04,15.29
flood_image0446_4_png.rf.47f3a48631e2b89c3023790312c60768.jpg,flood,62.56,14.23
flood_image0447_1_png.rf.f6b758a05488a46c857472900d004e4c.jpg,flood,96.42,13.85
flood_image0451_1_png.rf.1d897eac5aea7db7847583dc2071e254.jpg,flood,94.47,13.49
flood_image0456_1_png.rf.452fb51ea141938df8aa9a54723f2dc0.jpg,flood,100.0,13.36
flood_image0457_0_png.rf.febc9c091466b36459c8d59868771456.jpg,flood,93.17,13.84
flood_image0459_0_png.rf.46e28365902d139f3de4c341db1de171.jpg,flood,76.9,13.79
flood_image0459_4_png.rf.6b56068afc6e39249e4aedf3bad16307.jpg,flood,86.83,13.66
flood_image0460_0_png.rf.837c4de9e956fb232539b4519bcce129.jpg,flood,68.11,13.6
flood_image0460_4_png.rf.7db7d5591ce8be819472fb44d7df65b6.jpg,flood,65.38,15.45
flood_image0461_3_png.rf.84d7812ce95e89905c2fe86ae6434369.jpg,flood,97.55,13.62
flood_image0467_2_png.rf.6bdc2f9850f30fcda47825c764145032.jpg,flood,96.43,13.45
flood_image0471_4_png.rf.b818722eae2fa124a7c911aa2932b9ab.jpg,flood,63.8,13.34
flood_image0472_0_png.rf.939e6403d03973a0a892df4f5eb6a5af.jpg,flood,66.73,13.4
flood_image0475_3_png.rf.a97424f82fc24b716a86100542b116b3.jpg,flood,90.28,13.78
flood_image0475_4_png.rf.61b355937ccf7f17da724ff5e9adf52a.jpg,flood,91.41,13.66
flood_image0477_4_png.rf.cd9719145f807d46fcf457de04a5702f.jpg,flood,93.64,13.68
flood_image0479_2_png.rf.47c1106d03e7c652893deffeea0f9e6f.jpg,flood,64.99,13.84
flood_image0480_4_png.rf.199afe539fc0826489a28abe75b88272.jpg,flood,80.98,13.57
flood_image0482_0_png.rf.e33f2e76347c09a6bf79f92f41bbcf7c.jpg,flood,93.81,14.36
flood_image0486_3_png.rf.525942f719cd614f5ac5862fab68eb7f.jpg,flood,93.62,13.71
flood_image0487_4_png.rf.55af6da2207dae3dbd840bc055c5fb48.jpg,flood,84.52,13.76
flood_image0488_0_png.rf.62899e144ce19447f6acff447c62f25d.jpg,flood,92.35,13.57
flood_image0489_4_png.rf.204deefbe44416e780f17b37ae330db5.jpg,flood,90.82,13.47
flood_image0490_2_png.rf.e8a7408177c875c2bf6c39f6b5718251.jpg,flood,83.97,13.48
flood_image0496_4_png.rf.45cecb98d726c62715bf1a95d0c26d70.jpg,flood,93.51,14.84
flood_image0499_0_png.rf.cb53004e76c3bd0d5eaaafe772da7cb6.jpg,flood,79.71,14.95
flood_image0499_2_png.rf.4ef9e3569fa438f411ab799646bbd242.jpg,flood,67.76,13.57
flood_image0502_3_png.rf.3c6f52b3c29b25fd13be1d5426d937ed.jpg,flood,95.83,14.3
flood_image0504_3_png.rf.539a897ab3426aa69db2479c2da0da37.jpg,flood,93.34,13.6
flood_image0508_3_png.rf.d298f65e68fac6cc2401e5a815c3cc02.jpg,flood,93.87,14.18
flood_image0515_2_png.rf.1138df9612fbabeec5cc2ce64fd48900.jpg,flood,92.06,13.6
flood_image0516_2_png.rf.801b14e3abdbf46c26b17100eb8469d8.jpg,flood,89.37,13.24
flood_image0520_4_png.rf.8b54efd882034e2ce98e8766d0b2e513.jpg,flood,92.69,14.07
traffic_incident_image0007_1_png.rf.f13a2b57cd120890692cc786676c5c4c.jpg,traffic_incident,79.53,13.52
traffic_incident_image0007_3_png.rf.e4d75479d7a83210e2166250945cf349.jpg,traffic_incident,94.94,13.87
traffic_incident_image0008_0_png.rf.f239139b9d6843cb5e91f602139c6314.jpg,traffic_incident,92.42,13.51
traffic_incident_image0010_0_png.rf.c8ea21d9fadd7078a5d62f2d717794e6.jpg,traffic_incident,73.98,13.98
traffic_incident_image0012_0_png.rf.ad80696214582a120c1595944664c694.jpg,traffic_incident,99.09,13.84
traffic_incident_image0013_0_png.rf.c1b73d871906ca7d1c7bc386f8e5368b.jpg,traffic_incident,81.99,13.89
traffic_incident_image0013_3_png.rf.05a7f98505c97681c3c1da7d0c9b2e94.jpg,traffic_incident,92.61,13.78
traffic_incident_image0014_1_png.rf.4b3e9debe531b15d2973b66efe4c582c.jpg,traffic_incident,88.86,13.42
traffic_incident_image0016_3_png.rf.0b9a48a26af9c116c91a11ec3a149626.jpg,traffic_incident,86.98,13.54
traffic_incident_image0020_0_png.rf.b09f47e2b70235822bdce9b81f2fcdcb.jpg,traffic_incident,93.65,14.31
traffic_incident_image0020_3_png.rf.302c0e59e580e5938b858c4c94959365.jpg,traffic_incident,92.45,13.95
traffic_incident_image0021_1_png.rf.92b51b03e0df5689caa4b84bc3ebaa3a.jpg,traffic_incident,65.42,13.52
traffic_incident_image0023_0_png.rf.2bf48644e741fe87cafd411ad4ad2cee.jpg,traffic_incident,91.3,13.34
traffic_incident_image0023_3_png.rf.3e44cc0273308ccba7cee7c75616dbe9.jpg,traffic_incident,92.57,13.53
traffic_incident_image0023_4_png.rf.61339de2bf9e1377926bb4b75362f7d1.jpg,traffic_incident,92.02,13.8
traffic_incident_image0025_4_png.rf.cbb4478d4e868026bb8ff5bc676dc0da.jpg,traffic_incident,95.47,13.41
traffic_incident_image0027_4_png.rf.d7252d6cd259188cb7ceec6629f52b21.jpg,traffic_incident,79.07,13.49
traffic_incident_image0035_4_png.rf.0c39ce2196fef0ad9b4d7d37cbfb0ff4.jpg,traffic_incident,80.67,14.14
traffic_incident_image0039_0_png.rf.0ede7a9666b178bf52a804870147d9fd.jpg,traffic_incident,88.48,13.35
traffic_incident_image0040_0_png.rf.36cd1f90ea222522593fa26c7b0997b9.jpg,traffic_incident,90.45,13.85
traffic_incident_image0041_1_png.rf.53c489537db417efd915abd25446bad3.jpg,traffic_incident,78.29,13.26
traffic_incident_image0042_1_png.rf.b3b982bfe10eb92115858be673ab652f.jpg,traffic_incident,85.55,13.57
traffic_incident_image0042_3_png.rf.bc0710b667decdafe6f5c16c13cc11ae.jpg,traffic_incident,88.4,15.29
traffic_incident_image0043_1_png.rf.a32d213544a6b046eb92dd3ee6e97713.jpg,traffic_incident,93.42,13.46
traffic_incident_image0045_4_png.rf.d0ab0a57edde10a6674fff908ce01c2e.jpg,traffic_incident,53.26,13.68
traffic_incident_image0046_1_png.rf.14df8a22fba4ee4f79cf572def495660.jpg,traffic_incident,96.66,14.0
traffic_incident_image0052_2_png.rf.368d3d89380244b89738dd1587eb5be2.jpg,traffic_incident,94.51,13.32
traffic_incident_image0052_4_png.rf.b32082c58a6a9c7f89769951daecb746.jpg,traffic_incident,96.71,13.59
traffic_incident_image0063_0_png.rf.e06cd182cb9ffbec95c196223e1194a2.jpg,traffic_incident,79.01,14.67
traffic_incident_image0063_4_png.rf.93744750a0ade7fb7e636abbe1e944cd.jpg,traffic_incident,77.61,14.27
traffic_incident_image0066_4_png.rf.fba2b6fa077be8725f643911f7cccc94.jpg,traffic_incident,60.07,14.01
traffic_incident_image0072_0_png.rf.892638308b721353ab501304b012a8c5.jpg,traffic_incident,95.11,14.06
traffic_incident_image0073_4_png.rf.3af20e57b50c4e6bd54d4765151a0cb7.jpg,traffic_incident,95.62,14.34
traffic_incident_image0079_2_png.rf.b1224e06ea197dc38919489cf55aca6a.jpg,traffic_incident,88.88,14.32
traffic_incident_image0082_4_png.rf.77288081dd986fec7ede6f52c52fb8db.jpg,traffic_incident,95.29,14.32
traffic_incident_image0083_0_png.rf.b78fbbb7b4b705ffd6e310b253dee3a8.jpg,traffic_incident,95.33,14.44
traffic_incident_image0083_3_png.rf.7d858b85987f1eafffa475bc64878662.jpg,traffic_incident,95.02,14.46
traffic_incident_image0085_4_png.rf.2e925ee16ba4cc44886509170ee4b63d.jpg,traffic_incident,93.32,14.66
traffic_incident_image0090_0_png.rf.9f9ffa185adc0c2083790c0724cf0c31.jpg,traffic_incident,61.79,14.16
traffic_incident_image0091_4_png.rf.063e643a0d8e9077a20856b79a647ec0.jpg,traffic_incident,93.33,14.04
traffic_incident_image0092_2_png.rf.e192208cf5e0740c8e27de2f458a58fb.jpg,traffic_incident,96.34,14.25
traffic_incident_image0092_3_png.rf.d79477381c49a0b47c1a437b12081286.jpg,traffic_incident,96.15,14.17
traffic_incident_image0093_4_png.rf.1d5a3b5955320ed32142ce69e4e40429.jpg,traffic_incident,80.7,14.32
traffic_incident_image0094_2_png.rf.20f66e14b243422a95a2e0dfeb23aeba.jpg,traffic_incident,93.76,14.15
traffic_incident_image0096_3_png.rf.3b86955b8877907ecb5403a8b7612536.jpg,traffic_incident,96.46,14.2
traffic_incident_image0097_2_png.rf.18f7d7ccc00d2c806c5e85456ae74b85.jpg,traffic_incident,86.8,13.9
traffic_incident_image0098_4_png.rf.81b5d3b84786dfdf760de5e00c020879.jpg,traffic_incident,96.28,13.95
traffic_incident_image0101_3_png.rf.79e54bd5fe2ba6d6c5905519bc9db699.jpg,traffic_incident,78.11,14.86
traffic_incident_image0103_2_png.rf.82ce1c744cb86bc466b4aadd70a51d5e.jpg,traffic_incident,86.65,14.29
traffic_incident_image0105_3_png.rf.a22d4961971ca01121a19d6f9568c37a.jpg,traffic_incident,100.0,14.21
traffic_incident_image0109_1_png.rf.1c74eef1a6c478acaa2bf6aa8e98dbce.jpg,traffic_incident,94.07,14.61
traffic_incident_image0110_2_png.rf.cd7beb141c3ebb6e1b5874cfaaec508e.jpg,traffic_incident,55.11,14.22
traffic_incident_image0111_3_png.rf.c1efeb2dac8a18b72be594b6a2e07782.jpg,traffic_incident,89.4,13.66
traffic_incident_image0112_0_png.rf.38dcb79a571790d529bd2bfc717d3703.jpg,traffic_incident,90.59,14.34
traffic_incident_image0112_3_png.rf.33c5ccb7eae762473418046ba2f1ce88.jpg,traffic_incident,85.74,14.05
traffic_incident_image0114_2_png.rf.ea9920e44be5160c5f66fe2eb293115b.jpg,traffic_incident,89.33,14.68
traffic_incident_image0115_3_png.rf.71f5d0ae4cb8ffdf57f96e3daeeba47d.jpg,traffic_incident,77.78,14.47
traffic_incident_image0120_4_png.rf.fd9fc334ea18d20ed09d794de6072d25.jpg,traffic_incident,98.98,14.25
traffic_incident_image0123_1_png.rf.8c5ac01cc67f8966aac91ebc3ee8cf2c.jpg,traffic_incident,98.44,13.89
traffic_incident_image0125_0_png.rf.77202cc7860bffdd5804b1b91b27c934.jpg,traffic_incident,92.29,14.58
traffic_incident_image0126_2_png.rf.505f69f3f4c989ceb76ce29a06141a3f.jpg,traffic_incident,99.55,14.06
traffic_incident_image0130_2_png.rf.48dcdb26e49c3a11705637b012d1d1ed.jpg,traffic_incident,92.19,14.2
traffic_incident_image0131_1_png.rf.ed2f24e5bc5e71327afc1c7c0743136a.jpg,collapsed_building,71.93,14.1
traffic_incident_image0131_4_png.rf.1ede3c10e60b3bca7cf6bb5702ad1029.jpg,collapsed_building,61.12,14.45
traffic_incident_image0132_0_png.rf.079bdb3f73c9d0113dad0cff56964d12.jpg,traffic_incident,90.08,14.43
traffic_incident_image0133_0_png.rf.1d07044bfb9fed5d2dc3895125c493b0.jpg,traffic_incident,97.06,14.09
traffic_incident_image0135_2_png.rf.d7d773e9b9e8236af8f236365bacb552.jpg,traffic_incident,75.41,14.18
traffic_incident_image0135_4_png.rf.5a85dd8db7a6bb24885070700e430749.jpg,traffic_incident,65.28,15.46
traffic_incident_image0136_2_png.rf.f0d0ae2f6bc54752a745e00e0ff47eee.jpg,traffic_incident,86.62,14.77
traffic_incident_image0137_2_png.rf.89d0d940220ea3b04beebc8b88b85022.jpg,traffic_incident,97.89,14.4
traffic_incident_image0138_1_png.rf.a7c602239cb3f68c31ea1a7214399828.jpg,traffic_incident,96.71,14.39
traffic_incident_image0138_3_png.rf.1e916cd07a8d9cf4f751c7e9b060bc7f.jpg,traffic_incident,96.82,14.34
traffic_incident_image0139_2_png.rf.7627940c368a1ae9ea53cfab40e2d899.jpg,traffic_incident,96.89,14.16
traffic_incident_image0142_4_png.rf.4b1101b137ee292c778c9e568e895d10.jpg,traffic_incident,98.01,14.34
traffic_incident_image0143_4_png.rf.f3a82e0b06e6b17cf181f90d71d5ef4b.jpg,traffic_incident,97.81,14.99
traffic_incident_image0146_3_png.rf.3fc6fe78ea91c9ac6816656ea4712010.jpg,traffic_incident,90.25,14.19
traffic_incident_image0150_0_png.rf.220b51bec6f3e3691495a21da272270c.jpg,traffic_incident,98.06,14.08
traffic_incident_image0152_3_png.rf.6324b606a589839b9ec961d13df1f769.jpg,traffic_incident,96.9,14.18
traffic_incident_image0153_0_png.rf.09584d9e306c56c7472c907ea970d066.jpg,traffic_incident,98.59,13.93
traffic_incident_image0153_1_png.rf.87b7bc842de3372ce00f9a1712653bd4.jpg,traffic_incident,97.14,14.14
traffic_incident_image0153_3_png.rf.8dc58ee9b61b6179775f1fcad6a5578c.jpg,traffic_incident,96.61,14.2
traffic_incident_image0159_2_png.rf.30fa84f064a0c184fd9a0015aa763afc.jpg,traffic_incident,95.22,13.96
traffic_incident_image0160_2_png.rf.409279413e9048cd730202ac1acb5743.jpg,traffic_incident,96.74,14.02
traffic_incident_image0164_4_png.rf.d2d60697cec76a63b6c1941bfafb40e4.jpg,traffic_incident,96.54,14.18
traffic_incident_image0167_3_png.rf.5c2eae2d8d0406fcdfe25f535a5d8d79.jpg,traffic_incident,99.9,13.96
traffic_incident_image0168_4_png.rf.9b79d25a2d0ba016eb06cc467abfc807.jpg,traffic_incident,94.99,14.42
traffic_incident_image0169_2_png.rf.fd520066c913eec7d243e2d9d46f8e8d.jpg,traffic_incident,56.74,14.35
traffic_incident_image0171_3_png.rf.f8425987bb9564798e76d7b01138fdc4.jpg,traffic_incident,72.42,14.22
traffic_incident_image0176_2_png.rf.e688da4569508025953245f401259aee.jpg,traffic_incident,93.46,15.61
traffic_incident_image0177_1_png.rf.95220088acf880e33812b9f438c7983c.jpg,traffic_incident,92.29,14.23
traffic_incident_image0178_3_png.rf.b6f4a628a4481ec7f7db8f9e990549a5.jpg,traffic_incident,62.03,14.2
traffic_incident_image0179_2_png.rf.d140190fbfd79f7f8a135b7ea85a3720.jpg,fire,65.78,14.78
traffic_incident_image0181_2_png.rf.d8f5eb9f66b37ea3f990796e40f15245.jpg,traffic_incident,87.45,15.73
traffic_incident_image0190_4_png.rf.3977a2eea815f0ae8295a3a9ab4e7765.jpg,traffic_incident,81.76,14.62
traffic_incident_image0192_2_png.rf.5b70abd7e7bdc324078c752bc3f8ac96.jpg,traffic_incident,95.34,14.56
traffic_incident_image0193_2_png.rf.0e37d885960c4fa9496c53d0efd4c38a.jpg,traffic_incident,96.7,14.71
traffic_incident_image0194_2_png.rf.26e51c48f0564b10fe2ddb45f7a1925f.jpg,traffic_incident,99.43,14.86
traffic_incident_image0195_4_png.rf.34f2ad4d42b9a5924364fdc8a78b977f.jpg,traffic_incident,80.95,17.99
traffic_incident_image0201_4_png.rf.32473e8895256fb0b27fa0065e435472.jpg,traffic_incident,59.52,15.62
traffic_incident_image0207_0_png.rf.068af019678f2124a80ea7638a2951e9.jpg,traffic_incident,51.29,16.3
traffic_incident_image0207_2_png.rf.03244a6d90d414f7ded4c6aa4259bed1.jpg,traffic_incident,58.99,14.33
traffic_incident_image0208_1_png.rf.97cb69eadb9391fd46fc1c1a0834c6de.jpg,traffic_incident,92.2,14.04
traffic_incident_image0212_0_png.rf.a005872adfa4bbb63c413846ee25485f.jpg,traffic_incident,95.94,14.28
traffic_incident_image0213_3_png.rf.394092e3281bfc4d87cbb0f78e718512.jpg,traffic_incident,43.03,14.11
traffic_incident_image0214_1_png.rf.c8ff5f1a549e602dd2a3ba5c995d6a89.jpg,traffic_incident,79.39,14.15
traffic_incident_image0215_3_png.rf.fd6013a0b2eea23afbe35646c7a56d03.jpg,traffic_incident,74.37,14.34
traffic_incident_image0220_2_png.rf.581c40026e8144619e8ea4681d3bc2aa.jpg,traffic_incident,88.65,14.17
traffic_incident_image0222_3_png.rf.78054fa8b5386aa6db1f9ba61a02b513.jpg,traffic_incident,92.97,14.08
traffic_incident_image0222_4_png.rf.e4ad749a08f57358667231f424d50646.jpg,traffic_incident,90.48,14.36
traffic_incident_image0228_2_png.rf.9fefd86b70cd44844665b07afd4a9f5c.jpg,traffic_incident,97.12,15.56
traffic_incident_image0231_4_png.rf.d8ed47b7673299f18101865b7f8d57b5.jpg,traffic_incident,95.26,14.24
traffic_incident_image0232_2_png.rf.e42c6c95f6e9045d750907c963d3bea1.jpg,traffic_incident,67.45,14.63
traffic_incident_image0234_2_png.rf.51b3572fbd6a0e2179e4827da06da179.jpg,traffic_incident,89.25,14.31
traffic_incident_image0239_4_png.rf.eee7ba3a5bcf87c570f6221b0e54c852.jpg,traffic_incident,94.56,13.74
traffic_incident_image0240_0_png.rf.0a2ea8cf18225658dfe6426c7d5375b8.jpg,traffic_incident,92.62,14.56
traffic_incident_image0241_4_png.rf.ccb6cfb96e2dc287a9f235b3cd4204d3.jpg,traffic_incident,93.0,13.95
traffic_incident_image0243_1_png.rf.8eb80f5f820c113979c4ae30f0c7ffcd.jpg,traffic_incident,97.81,14.34
traffic_incident_image0245_4_png.rf.fe024b709b29dbdda20b3962237a07ea.jpg,traffic_incident,74.22,14.77
traffic_incident_image0247_0_png.rf.ce6410eaf832bd67dc4fd1fd6b1ab776.jpg,traffic_incident,91.26,13.97
traffic_incident_image0247_2_png.rf.d5fd7e84bcb4e3fdece036fc888d53b5.jpg,traffic_incident,92.89,16.94
traffic_incident_image0249_2_png.rf.b898b6e4fdab5cba5159e9787e806ac9.jpg,traffic_incident,93.83,14.8
traffic_incident_image0250_4_png.rf.55211f793d97eb1d0bc1697b4ea2cefb.jpg,traffic_incident,87.02,14.1
traffic_incident_image0253_4_png.rf.bc27fa1054a8fb52ad15e85f864f9b86.jpg,traffic_incident,78.12,13.97
traffic_incident_image0255_0_png.rf.0c267b60f796e59956012290b44680cf.jpg,collapsed_building,57.34,14.19
traffic_incident_image0255_1_png.rf.a51e09912fcbafd61cb6c653f7e8947b.jpg,collapsed_building,68.08,14.53
traffic_incident_image0255_2_png.rf.bcc143a053eb28bd4ab11ec822e6d344.jpg,collapsed_building,49.22,14.49
traffic_incident_image0260_0_png.rf.6b0b13f26ba97f103ee8890b51501803.jpg,traffic_incident,92.62,14.01
traffic_incident_image0261_4_png.rf.ffd3aee6141d28ff535dd4c854ec11d9.jpg,traffic_incident,80.1,14.88
traffic_incident_image0262_0_png.rf.1283ca6001c9d2ec7eae357b4a74c137.jpg,traffic_incident,73.06,13.89
traffic_incident_image0262_1_png.rf.44bc9e9f7a3c8b34bb76e7796e57806a.jpg,traffic_incident,77.51,14.3
traffic_incident_image0264_2_png.rf.51249af4db48ba59fefa180368571074.jpg,traffic_incident,75.98,13.77
traffic_incident_image0266_3_png.rf.d74fb29fadf54c92a04999e9daa5afd8.jpg,traffic_incident,84.33,14.1
traffic_incident_image0269_1_png.rf.69427de933d0d6a2286341258b2c7d90.jpg,traffic_incident,71.61,14.28
traffic_incident_image0270_1_png.rf.e63c82fe9303ad30b949d7c22bca45db.jpg,traffic_incident,97.88,13.96
traffic_incident_image0270_3_png.rf.a6005d1aa92d882d8ef206e3f3648329.jpg,traffic_incident,95.59,13.68
traffic_incident_image0271_1_png.rf.30c5d74555ff4fce565febfe3faa4ed2.jpg,traffic_incident,88.65,13.89
traffic_incident_image0271_4_png.rf.3a54f781a7e7ad6165fcf6f16570d70d.jpg,traffic_incident,85.42,14.54
traffic_incident_image0272_2_png.rf.88000c2d7c198b7dc47b4b9e564520cd.jpg,traffic_incident,86.57,13.87
traffic_incident_image0273_2_png.rf.b4a749a313e36cea2ff8dd022952612d.jpg,traffic_incident,96.75,13.82
traffic_incident_image0277_2_png.rf.4ebf3d4e870be7b151f44eaf9a999202.jpg,traffic_incident,87.65,14.19
traffic_incident_image0278_1_png.rf.8a0f16ceb58924d1d360a1b301f0f1f2.jpg,traffic_incident,98.12,15.84
traffic_incident_image0279_2_png.rf.e632ad7891a01ad219d7d921e3929ea3.jpg,traffic_incident,93.15,16.92
traffic_incident_image0281_0_png.rf.99f84ada271d40c2b34f07f7330f761f.jpg,traffic_incident,93.55,14.34
traffic_incident_image0283_3_png.rf.fd7609def5b0cc905d02893d3d046bd0.jpg,traffic_incident,98.74,14.56
traffic_incident_image0284_3_png.rf.2400281b6587f31fba362b5353ce13f0.jpg,traffic_incident,90.63,14.4
traffic_incident_image0284_4_png.rf.2d18e4304dbb5ad83e545def995bba78.jpg,traffic_incident,90.0,16.49
traffic_incident_image0286_0_png.rf.fbe19935f195b688d4d9ee36e44d4e17.jpg,traffic_incident,68.86,14.03
traffic_incident_image0286_1_png.rf.e6b654a9948f0977016947ae072f4573.jpg,traffic_incident,72.89,14.05
traffic_incident_image0287_2_png.rf.5bbf915689359146ebcd0aafb9ea4e0b.jpg,traffic_incident,98.35,14.17
traffic_incident_image0291_1_png.rf.fd53fcb7d8433f42d8d69cc81a8028d0.jpg,traffic_incident,86.18,13.99
traffic_incident_image0291_4_png.rf.b4f606cce16f967051e4218061feec29.jpg,traffic_incident,93.76,14.54
traffic_incident_image0293_2_png.rf.2c4fe8427ea429a8c8bd46667842e6b7.jpg,traffic_incident,85.71,14.44
traffic_incident_image0294_3_png.rf.ee49a17a143667ba3943eec5371ca3ab.jpg,traffic_incident,95.73,14.93
traffic_incident_image0295_2_png.rf.db0bdf15a6124bcd853112b3f6049332.jpg,traffic_incident,97.74,14.27
traffic_incident_image0296_2_png.rf.9a403d646a7bc21463e962c399c480c8.jpg,traffic_incident,95.25,14.13
traffic_incident_image0297_3_png.rf.22f14dad88b3d693ac8b803627c342da.jpg,traffic_incident,95.02,15.59
traffic_incident_image0298_0_png.rf.67c16f78d1fcb19400f367efe3fc6519.jpg,traffic_incident,99.22,13.95
traffic_incident_image0302_4_png.rf.e5c9b3a98121f8667f42067e9316876e.jpg,traffic_incident,95.34,14.51
traffic_incident_image0304_2_png.rf.920908d58008640c4e8ab8083895017e.jpg,traffic_incident,90.75,14.58
traffic_incident_image0305_4_png.rf.cb85202b268196e14fa59c4a4395cb01.jpg,traffic_incident,93.8,14.17
traffic_incident_image0306_4_png.rf.49f7f22d5f2b50d0c64c36fef5dc997e.jpg,traffic_incident,82.72,14.04
traffic_incident_image0307_1_png.rf.47389589b9ffaa2076295997faeafe91.jpg,traffic_incident,97.03,14.19
traffic_incident_image0308_4_png.rf.df89b65068dd2651bb3abde98e474093.jpg,traffic_incident,78.07,14.02
traffic_incident_image0309_2_png.rf.53850184a0fe6c165096b3c40a80e36f.jpg,traffic_incident,84.26,14.18
traffic_incident_image0313_3_png.rf.b3cebb2b05dbe66d3b325dfcca233dbd.jpg,traffic_incident,96.87,14.72
traffic_incident_image0314_3_png.rf.23715b93fa44a418745fa3b99ff6d883.jpg,traffic_incident,96.5,14.11
traffic_incident_image0315_0_png.rf.c7a4a7297cf2bc60a4c24f8ac45cf82b.jpg,traffic_incident,95.33,14.07
traffic_incident_image0316_4_png.rf.1dde294644057a2110021a6253292334.jpg,traffic_incident,90.3,14.83
traffic_incident_image0317_1_png.rf.cace219b9fe46cada73c5c0925d35a46.jpg,traffic_incident,98.56,14.15
traffic_incident_image0317_4_png.rf.6aa9558c532ecd345d10c830e1a93214.jpg,traffic_incident,99.12,14.61
traffic_incident_image0318_0_png.rf.797d2bc1dc80c007733e25732b8caf89.jpg,traffic_incident,91.36,14.46
traffic_incident_image0320_3_png.rf.b56e606f81c5293506730eac62854947.jpg,traffic_incident,81.98,14.5
traffic_incident_image0322_2_png.rf.f70d2e552ab8b86e9273277c2819ab1a.jpg,traffic_incident,97.91,14.01
traffic_incident_image0327_0_png.rf.784d67ec601fabc174102c86cb1e9d39.jpg,traffic_incident,96.09,14.54
traffic_incident_image0327_2_png.rf.5c22d7d1568d09fffdc581a31763315c.jpg,traffic_incident,95.3,14.09
traffic_incident_image0332_4_png.rf.3ba78cbc7f1813e06c801134c93ba3ec.jpg,traffic_incident,78.88,14.28
traffic_incident_image0336_0_png.rf.6c062d1b5eaf2b16af27fb3cd485d65a.jpg,traffic_incident,87.64,13.91
traffic_incident_image0337_3_png.rf.761f7eeabad3ac1e10538a0d3641a276.jpg,traffic_incident,96.25,13.78
traffic_incident_image0341_2_png.rf.5df1468628be2c8ab50c013f35cb68d3.jpg,traffic_incident,95.49,15.85
traffic_incident_image0343_1_png.rf.6fb74904af4e0cd1f2a38d5aa348fb27.jpg,traffic_incident,94.78,14.45
traffic_incident_image0345_0_png.rf.2d5b74c4f2e1b34d58afef8ba9cbb605.jpg,traffic_incident,82.13,14.04
traffic_incident_image0345_3_png.rf.8838394e39fc84404a61f6e146a92c28.jpg,traffic_incident,76.72,13.62
traffic_incident_image0349_4_png.rf.211e5da3e17acfa19cce29c3b61e1abc.jpg,traffic_incident,97.73,20.01
traffic_incident_image0353_0_png.rf.4cf1d273d26fdc61c9d8b76f10cc736a.jpg,traffic_incident,97.86,14.09
traffic_incident_image0356_3_png.rf.2ceee7c3b01cce2e649fc2fe5a7c79c9.jpg,traffic_incident,72.5,13.62
traffic_incident_image0357_0_png.rf.e5f943fc9f7f7b7d0cbf5f7e00fc4348.jpg,traffic_incident,95.0,13.82
traffic_incident_image0364_2_png.rf.38f7ab9663543802d6154f2e65543dbc.jpg,traffic_incident,98.21,14.08
traffic_incident_image0365_0_png.rf.18ac0e10e699ce5a64f32d283d2354a7.jpg,traffic_incident,92.67,13.95
traffic_incident_image0366_2_png.rf.d66c675b66b77e809a6c7f1a1b83487e.jpg,traffic_incident,92.53,14.8
traffic_incident_image0368_2_png.rf.bb82d064bf26ae8a7c8216e41212d677.jpg,traffic_incident,70.24,15.73
traffic_incident_image0370_0_png.rf.94f8c5a49f7a7bfde9211d1239d0ed94.jpg,traffic_incident,94.38,14.73
traffic_incident_image0373_1_png.rf.4c1b9eded148434711fa314060f36aba.jpg,traffic_incident,97.58,13.83
traffic_incident_image0376_3_png.rf.000a44a4757a260f0dcd3f8b19cfceef.jpg,traffic_incident,95.17,13.79
traffic_incident_image0378_0_png.rf.469fee28bfd04f81a5cde8959a0f864e.jpg,traffic_incident,91.58,13.81
traffic_incident_image0378_4_png.rf.678aa9c6878c4a95c2b3ae3bb29cfccf.jpg,traffic_incident,94.88,23.35
traffic_incident_image0381_1_png.rf.61675ce4f2829f545665cd5c42a5cfb7.jpg,traffic_incident,94.89,17.38
traffic_incident_image0384_0_png.rf.8d05ba88c90ccb86b377589671621011.jpg,traffic_incident,98.22,24.17
traffic_incident_image0385_2_png.rf.b8d68bb2a546f025ea6dc1913502f9d9.jpg,traffic_incident,87.27,15.52
traffic_incident_image0386_4_png.rf.2aaab0c29a3e1b9b1a5cf41a265b9a04.jpg,traffic_incident,96.38,13.99
traffic_incident_image0387_0_png.rf.896de5182b4905bbb65bdc722f431815.jpg,traffic_incident,48.82,13.91
traffic_incident_image0388_0_png.rf.c6861dc3331223398f832bdf6e0b86cf.jpg,traffic_incident,96.75,14.2
traffic_incident_image0388_4_png.rf.79d34d9b85f6e0b318c5b56058ab7dac.jpg,traffic_incident,99.53,14.42
traffic_incident_image0389_1_png.rf.e5408010c38ebd76f83a8f7cbf50571c.jpg,traffic_incident,84.45,13.37
traffic_incident_image0391_4_png.rf.892291e0c013ff782329deadacd56826.jpg,traffic_incident,95.21,14.0
traffic_incident_image0398_0_png.rf.ec149a5fc8c6acc07dc245ae41d2dccb.jpg,traffic_incident,96.54,13.58
traffic_incident_image0399_3_png.rf.4e31d00251346c87cd5b56483d5c52ea.jpg,traffic_incident,86.86,14.03
traffic_incident_image0401_1_png.rf.e7b5e6cba948d79e929c5169978a1030.jpg,traffic_incident,89.07,13.52
traffic_incident_image0405_0_png.rf.8a9545ced8302d1bd6b34c73a75b7234.jpg,traffic_incident,63.77,14.04
traffic_incident_image0407_1_png.rf.bc892643abdddc7f5ae20e1ffcc08f9b.jpg,traffic_incident,92.1,13.57
traffic_incident_image0409_0_png.rf.dc80cce797a917dc89251f6eff9025b9.jpg,traffic_incident,90.73,14.0
traffic_incident_image0410_2_png.rf.2aa5d5dee4d0f0cd24d6d288705f7240.jpg,traffic_incident,57.21,13.78
traffic_incident_image0412_1_png.rf.0462fa6878c3dcf5884d47bfb42acf77.jpg,traffic_incident,58.43,14.74
traffic_incident_image0414_4_png.rf.dd3343b37d60a3b143d422db448dbbd5.jpg,traffic_incident,81.46,14.12
traffic_incident_image0417_0_png.rf.bccdb136d1cd839b9b040107b17cbfee.jpg,collapsed_building,43.79,14.08
traffic_incident_image0417_2_png.rf.405cd07f3b83df28b5742fa7e3333e73.jpg,traffic_incident,59.45,13.65
traffic_incident_image0418_3_png.rf.8e58ae4973df96ca6f7a8d3ee6b73e79.jpg,traffic_incident,87.02,14.03
traffic_incident_image0420_4_png.rf.1755282759042ee4f51cc4b5e04ad4bb.jpg,traffic_incident,96.91,14.36
traffic_incident_image0422_1_png.rf.10cb3095da7f56dcf336d08e0f91dcbd.jpg,traffic_incident,93.74,13.57
traffic_incident_image0422_2_png.rf.38701fce68a74fee3ff954e05f7d4ba1.jpg,traffic_incident,94.76,13.48
traffic_incident_image0422_4_png.rf.1b325841627499ed584321f4829a1735.jpg,traffic_incident,91.88,13.55
traffic_incident_image0423_0_png.rf.2043dfa33d5a14dcf6465ed95da37598.jpg,traffic_incident,94.11,13.92
traffic_incident_image0424_0_png.rf.2661c860faf07b06e09b7a8b115b2d93.jpg,traffic_incident,84.37,13.89
traffic_incident_image0426_0_png.rf.5d923dfb886177278e3d3c8a2a5d6204.jpg,traffic_incident,92.7,14.1
traffic_incident_image0427_3_png.rf.950743d73f33478ec0f4e557fa06d16c.jpg,traffic_incident,90.51,13.73
traffic_incident_image0429_4_png.rf.e625a3ab4196f03f0001ddb056bd53f3.jpg,traffic_incident,96.9,13.9
traffic_incident_image0431_2_png.rf.9b68d6abd4b8303610c07ed42527509e.jpg,traffic_incident,53.63,13.54
traffic_incident_image0432_2_png.rf.14cf8b4693dc04a315c95d9f3a0c588d.jpg,traffic_incident,70.63,13.46
traffic_incident_image0437_0_png.rf.d56f8f58ffae1e8c970e453b5d32800f.jpg,traffic_incident,84.13,13.61
traffic_incident_image0437_3_png.rf.ff4807395d2a3979f5125fa3a60ef553.jpg,traffic_incident,84.86,13.73
traffic_incident_image0437_4_png.rf.cefdcdf1243939daa2d95f67f34b80db.jpg,traffic_incident,85.31,14.73
traffic_incident_image0439_3_png.rf.f6a19e5ca925db16da10697d58e8d34f.jpg,traffic_incident,93.29,14.94
traffic_incident_image0440_4_png.rf.2b0e1770c02abaefaed6080e588e6da4.jpg,traffic_incident,87.46,13.56
traffic_incident_image0441_1_png.rf.975e8f21b80420c06eb58ee9a4a62eab.jpg,traffic_incident,66.14,13.88
traffic_incident_image0444_0_png.rf.7919152de1922c13782f9b99b4f80418.jpg,traffic_incident,98.1,13.53
traffic_incident_image0446_2_png.rf.688b2765040c62dad2f654c4311d2b69.jpg,traffic_incident,92.43,13.49
traffic_incident_image0452_4_png.rf.ae4ad5c6c103da2268cd9ff946e8fbad.jpg,traffic_incident,89.35,14.35
traffic_incident_image0453_0_png.rf.b8ef5d18f72c4664e20b8cc23b6125a3.jpg,traffic_incident,91.91,13.65
traffic_incident_image0456_2_png.rf.c4010a2f28498e875f0d4404e9ef010e.jpg,traffic_incident,82.92,13.72
traffic_incident_image0458_1_png.rf.e867cd2d4eb508bddb6aed03f29867f1.jpg,traffic_incident,99.51,14.01
traffic_incident_image0460_2_png.rf.311dc667d03289423697da906ded7e15.jpg,traffic_incident,96.0,13.74
traffic_incident_image0462_1_png.rf.9fc89e73383a41531cecfe5d9122e02a.jpg,traffic_incident,88.56,15.37
traffic_incident_image0464_1_png.rf.4f8b9c7923bed1d3cede72f709c61c8f.jpg,traffic_incident,89.86,13.75
traffic_incident_image0465_2_png.rf.2ffd31feeef56c26ce9674ec7da0b3bb.jpg,traffic_incident,94.2,14.25
traffic_incident_image0466_4_png.rf.d8d9edcaec7ad0a4311749057e9590f6.jpg,traffic_incident,92.28,13.81
traffic_incident_image0467_0_png.rf.5247bd28f5a041f5adfaa51f5349fa22.jpg,traffic_incident,81.6,13.69
traffic_incident_image0468_1_png.rf.5e2bc4dca8cbb95749725c7a98197ccc.jpg,traffic_incident,50.63,13.64
traffic_incident_image0476_2_png.rf.f1e2ade0d4143de92a89ed34a9193cd6.jpg,traffic_incident,94.55,13.76
traffic_incident_image0476_3_png.rf.95008149f5f5a5ae3e31db04ad8f36c4.jpg,traffic_incident,91.23,13.76
traffic_incident_image0481_0_png.rf.4faa5f0ebd7956b3c62560d3a802c408.jpg,traffic_incident,88.86,14.63
traffic_incident_image0482_0_png.rf.2abe2fcc0742c1bd4f1cfdaca5ac8323.jpg,traffic_incident,93.37,13.57
traffic_incident_image0483_3_png.rf.011badce6ed769362fd242f2e5ab394c.jpg,traffic_incident,93.45,13.47
traffic_incident_image0485_4_png.rf.24420af5a05286a6272fe8d3fcb2bce6.jpg,traffic_incident,86.43,13.75
